/*
 Navicat Premium Data Transfer

 Source Server         : localhost
 Source Server Type    : MySQL
 Source Server Version : 50722
 Source Host           : localhost:3306
 Source Schema         : miaosha

 Target Server Type    : MySQL
 Target Server Version : 50722
 File Encoding         : 65001

 Date: 25/07/2019 19:41:43
*/

SET NAMES utf8mb4;
SET FOREIGN_KEY_CHECKS = 0;

-- ----------------------------
-- Table structure for goods
-- ----------------------------
DROP TABLE IF EXISTS `goods`;
CREATE TABLE `goods` (
  `id` bigint(20) NOT NULL AUTO_INCREMENT,
  `goods_name` varchar(40) NOT NULL,
  `goods_title` varchar(100) DEFAULT NULL,
  `goods_img` varchar(255) DEFAULT NULL,
  `goods_detail` varchar(500) DEFAULT NULL,
  `goods_price` double DEFAULT NULL,
  `goods_stock` int(4) DEFAULT NULL,
  `create_date` datetime DEFAULT NULL,
  `update_date` datetime DEFAULT NULL,
  PRIMARY KEY (`id`)
) ENGINE=InnoDB AUTO_INCREMENT=5 DEFAULT CHARSET=utf8;

-- ----------------------------
-- Records of goods
-- ----------------------------
BEGIN;
INSERT INTO `goods` VALUES (1, ' iPhone X', ' 当天发/12分期/送大礼 Apple/苹果 iPhone X移动联通4G手机中移动', '/img/iphonex.png', ' 当天发/12分期/送大礼 Apple/苹果 iPhone X移动联通4G手机中移动', 7268, 1000, '2019-07-12 19:06:20', '2019-07-12 19:06:20');
INSERT INTO `goods` VALUES (2, 'xiaomi 8', ' 小米8现货【送小米耳机】Xiaomi/小米 小米8手机8plus中移动8se', '/img/mi6.png', ' 小米8现货【送小米耳机】Xiaomi/小米 小米8手机8plus中移动8se', 2799, 1000, '2019-07-12 19:06:20', '2019-07-12 19:06:20');
INSERT INTO `goods` VALUES (3, '荣耀 10', ' 12期分期/honor/荣耀10手机中移动官方旗舰店正品荣耀10手机playv10 plαy', '/img/meta10.png', ' 12期分期/honor/荣耀10手机中移动官方旗舰店正品荣耀10手机playv10 plαy', 2699, 1000, '2019-07-12 19:06:20', '2019-07-12 22:32:20');
INSERT INTO `goods` VALUES (4, 'oppo find x', ' OPPO R15 oppor15手机全新机限量超薄梦境r15梦镜版r11s find x', '/img/iphone8.png', ' OPPO R15 oppor15手机全新机限量超薄梦境r15梦镜版r11s find x', 4999, 1000, '2019-07-12 19:06:20', '2019-07-12 19:06:20');
COMMIT;

-- ----------------------------
-- Table structure for miaosha_goods
-- ----------------------------
DROP TABLE IF EXISTS `miaosha_goods`;
CREATE TABLE `miaosha_goods` (
  `id` bigint(20) NOT NULL AUTO_INCREMENT,
  `goods_id` bigint(20) NOT NULL,
  `miaosha_price` double NOT NULL,
  `stock_count` int(4) NOT NULL DEFAULT '0',
  `start_date` datetime DEFAULT NULL,
  `end_date` datetime DEFAULT NULL,
  PRIMARY KEY (`id`)
) ENGINE=InnoDB AUTO_INCREMENT=5 DEFAULT CHARSET=utf8;

-- ----------------------------
-- Records of miaosha_goods
-- ----------------------------
BEGIN;
INSERT INTO `miaosha_goods` VALUES (1, 1, 6888, 94, '2019-07-12 19:06:20', '2019-08-15 19:06:20');
INSERT INTO `miaosha_goods` VALUES (2, 2, 2699, 95, '2019-07-17 22:32:20', '2019-08-15 19:06:20');
INSERT INTO `miaosha_goods` VALUES (3, 3, 2599, 92, '2019-07-14 00:59:20', '2019-08-15 19:06:20');
INSERT INTO `miaosha_goods` VALUES (4, 4, 4999, 96, '2019-07-17 09:06:20', '2019-08-15 19:06:20');
COMMIT;

-- ----------------------------
-- Table structure for miaosha_order
-- ----------------------------
DROP TABLE IF EXISTS `miaosha_order`;
CREATE TABLE `miaosha_order` (
  `id` bigint(40) NOT NULL AUTO_INCREMENT,
  `user_id` bigint(40) NOT NULL,
  `order_id` bigint(40) NOT NULL,
  `goods_id` bigint(40) NOT NULL,
  PRIMARY KEY (`id`)
) ENGINE=InnoDB AUTO_INCREMENT=3 DEFAULT CHARSET=utf8;

-- ----------------------------
-- Records of miaosha_order
-- ----------------------------
BEGIN;
INSERT INTO `miaosha_order` VALUES (1, 18077200000, 464, 4);
INSERT INTO `miaosha_order` VALUES (2, 18077200000, 465, 3);
COMMIT;

-- ----------------------------
-- Table structure for order_info
-- ----------------------------
DROP TABLE IF EXISTS `order_info`;
CREATE TABLE `order_info` (
  `id` bigint(20) NOT NULL AUTO_INCREMENT,
  `user_id` bigint(20) NOT NULL,
  `goods_id` bigint(20) DEFAULT NULL,
  `deliver_addr_id` bigint(20) DEFAULT NULL,
  `goods_name` varchar(40) DEFAULT NULL,
  `goods_count` int(4) DEFAULT NULL,
  `goods_price` double(8,0) DEFAULT NULL,
  `order_channel` int(1) DEFAULT NULL,
  `status` int(1) DEFAULT NULL,
  `create_date` datetime DEFAULT NULL,
  `pay_date` datetime DEFAULT NULL,
  PRIMARY KEY (`id`)
) ENGINE=InnoDB AUTO_INCREMENT=466 DEFAULT CHARSET=utf8;

-- ----------------------------
-- Records of order_info
-- ----------------------------
BEGIN;
INSERT INTO `order_info` VALUES (464, 18077200000, 4, NULL, 'oppo find x', 1, 4999, 1, 0, '2019-07-25 19:35:58', NULL);
INSERT INTO `order_info` VALUES (465, 18077200000, 3, NULL, '荣耀 10', 1, 2599, 1, 0, '2019-07-25 19:37:38', NULL);
COMMIT;

-- ----------------------------
-- Table structure for user
-- ----------------------------
DROP TABLE IF EXISTS `user`;
CREATE TABLE `user` (
  `id` bigint(11) NOT NULL,
  `user_name` varchar(40) NOT NULL,
  `password` varchar(40) NOT NULL,
  `salt` varchar(40) DEFAULT NULL,
  `head` varchar(40) DEFAULT NULL,
  `register_date` datetime DEFAULT NULL,
  `last_login_date` datetime DEFAULT NULL,
  `login_count` int(4) DEFAULT '0',
  PRIMARY KEY (`id`)
) ENGINE=InnoDB DEFAULT CHARSET=utf8;

-- ----------------------------
-- Records of user
-- ----------------------------
BEGIN;
INSERT INTO `user` VALUES (18077200000, 'user0', 'd6c25cc61f2d9d5d3fb0bffdbab3cab5', 'zxk1ehxywhjtnwkh6msx', '', '2019-07-25 14:53:22', '2019-07-25 14:53:22', 1);
INSERT INTO `user` VALUES (18077200001, 'user1', 'ddf87818c489126d7b65d251b2775551', '34w7j4yk2d38s6a3rk0w', '', '2019-07-25 14:53:22', '2019-07-25 14:53:22', 1);
INSERT INTO `user` VALUES (18077200002, 'user2', '1b9f0ba653d4501bccc212e085ca8751', 'peb71664z82z4am6d36q', '', '2019-07-25 14:53:22', '2019-07-25 14:53:22', 1);
INSERT INTO `user` VALUES (18077200003, 'user3', '5cf8375857f750f2c63f5520c2ca1add', 'e2vphhyyia2dm0rkfv79', '', '2019-07-25 14:53:22', '2019-07-25 14:53:22', 1);
INSERT INTO `user` VALUES (18077200004, 'user4', 'c0be70b9833767de2ea27a9646d16c04', 'g3e2z905qy83mfqs26ym', '', '2019-07-25 14:53:22', '2019-07-25 14:53:22', 1);
INSERT INTO `user` VALUES (18077200005, 'user5', '0dfb518dc04ce1dc1516dd629bd627ee', 'yq9b7d4z1nc5d3t44wva', '', '2019-07-25 14:53:22', '2019-07-25 14:53:22', 1);
INSERT INTO `user` VALUES (18077200006, 'user6', '68ae1d6f86b9f7a2848b3eb4e99037e0', 'bj8m3mdhwm7bnvaxsw7q', '', '2019-07-25 14:53:22', '2019-07-25 14:53:22', 1);
INSERT INTO `user` VALUES (18077200007, 'user7', '55f37a835dc556c873a26beec8df7969', 'za3xcrc3m4jisk8gq12b', '', '2019-07-25 14:53:22', '2019-07-25 14:53:22', 1);
INSERT INTO `user` VALUES (18077200008, 'user8', '9b333bc37939c70ac1ca2d3c1ec74e9a', 'fg72vmccnpqv9f6ic0p9', '', '2019-07-25 14:53:22', '2019-07-25 14:53:22', 1);
INSERT INTO `user` VALUES (18077200009, 'user9', '9156a6c64c6869a11d70ec6a3c3584ff', 'phc81ew3uj1xhj6rnuuy', '', '2019-07-25 14:53:22', '2019-07-25 14:53:22', 1);
INSERT INTO `user` VALUES (18077200010, 'user10', '8d6df70d4674d97cf97f0fcd626ffb5d', 'wias9y3rfq3trzjaumg3', '', '2019-07-25 14:53:22', '2019-07-25 14:53:22', 1);
INSERT INTO `user` VALUES (18077200011, 'user11', '5a228929e7cb8ec9e0536f6451a901a1', '269f10mckp8atkex1a0h', '', '2019-07-25 14:53:22', '2019-07-25 14:53:22', 1);
INSERT INTO `user` VALUES (18077200012, 'user12', 'd9edb62172c071e2c46ddac4f4a345cc', 'fg7va1tz7a39e2m4z78m', '', '2019-07-25 14:53:22', '2019-07-25 14:53:22', 1);
INSERT INTO `user` VALUES (18077200013, 'user13', '4c94b09d48bdcbe37b602c911b967db7', 'ac1xeztuk0vk914cpe61', '', '2019-07-25 14:53:22', '2019-07-25 14:53:22', 1);
INSERT INTO `user` VALUES (18077200014, 'user14', 'd7d327a343a6d9db631f69d3b2004cc6', 'v2xi6qtnzwkbnx9xbq1h', '', '2019-07-25 14:53:22', '2019-07-25 14:53:22', 1);
INSERT INTO `user` VALUES (18077200015, 'user15', 'aac65df6a8dc9cd8421c90b1bd85e03a', 'mwac2u8kdhmvivbnz28k', '', '2019-07-25 14:53:22', '2019-07-25 14:53:22', 1);
INSERT INTO `user` VALUES (18077200016, 'user16', '3fcc0e85072cd533d3a51bd35c71cf28', 'a6wx3et4qv815nnw1rvt', '', '2019-07-25 14:53:22', '2019-07-25 14:53:22', 1);
INSERT INTO `user` VALUES (18077200017, 'user17', 'd54a3ee904cd7e8c416ec5b16409f424', 'b9srtiekgi69z6y5xbd7', '', '2019-07-25 14:53:22', '2019-07-25 14:53:22', 1);
INSERT INTO `user` VALUES (18077200018, 'user18', 'a5aa0fedf28282bdb26565c560e9b5b9', 's3c3mxyb9aryjpk2r5gr', '', '2019-07-25 14:53:22', '2019-07-25 14:53:22', 1);
INSERT INTO `user` VALUES (18077200019, 'user19', '6e1da8efa604c68cdc472d3ac62f0be7', 'zwg6n8bzd5fd51eegqqf', '', '2019-07-25 14:53:22', '2019-07-25 14:53:22', 1);
INSERT INTO `user` VALUES (18077200020, 'user20', '7835dc0e36df26afccc9a63d57c1b389', 'th1z8ywxhsav0v4zxka5', '', '2019-07-25 14:53:22', '2019-07-25 14:53:22', 1);
INSERT INTO `user` VALUES (18077200021, 'user21', '6668bf286593973d4050291d012b84de', 'h7i6qhzvjjwg5w04i1cc', '', '2019-07-25 14:53:22', '2019-07-25 14:53:22', 1);
INSERT INTO `user` VALUES (18077200022, 'user22', 'e5acc7b95b52a1e10c88072bd6e305e4', 'dq2r9a8cqjy8hxw4xk5x', '', '2019-07-25 14:53:22', '2019-07-25 14:53:22', 1);
INSERT INTO `user` VALUES (18077200023, 'user23', '6dbea61e38d6ed91560dbd53580f348e', 'yqv8mj1cf3n3vmynrgc2', '', '2019-07-25 14:53:22', '2019-07-25 14:53:22', 1);
INSERT INTO `user` VALUES (18077200024, 'user24', '4ae01477978e98dbb608898a2865b4ab', '5uur575iqyfq7myamxbp', '', '2019-07-25 14:53:22', '2019-07-25 14:53:22', 1);
INSERT INTO `user` VALUES (18077200025, 'user25', 'bff0df1adcedc0defafb4ebe19bafafc', '61y654tf2qzhf3q1mxdp', '', '2019-07-25 14:53:22', '2019-07-25 14:53:22', 1);
INSERT INTO `user` VALUES (18077200026, 'user26', 'e7f37846d88d4e7d3ee15c12191a0946', 'ejfvgmyxc7qry9cjrh8q', '', '2019-07-25 14:53:22', '2019-07-25 14:53:22', 1);
INSERT INTO `user` VALUES (18077200027, 'user27', '7847034adf28111219d8bfa65262f805', '146kbsm9rxkpcm3wfwyj', '', '2019-07-25 14:53:22', '2019-07-25 14:53:22', 1);
INSERT INTO `user` VALUES (18077200028, 'user28', 'b794741dac08686a42d1d050f9c7d1d4', 'hg7jhk04mzc23njfbgzc', '', '2019-07-25 14:53:22', '2019-07-25 14:53:22', 1);
INSERT INTO `user` VALUES (18077200029, 'user29', '9669d5c58c723a4e8d45dbca9274a694', 'y61i2thusji4qys28p1f', '', '2019-07-25 14:53:22', '2019-07-25 14:53:22', 1);
INSERT INTO `user` VALUES (18077200030, 'user30', '3e48acadaba57a7f2caf2cb93e867123', '5p1z4kqrnx0ey1zbbfav', '', '2019-07-25 14:53:22', '2019-07-25 14:53:22', 1);
INSERT INTO `user` VALUES (18077200031, 'user31', '73f17add6af6e6d01b7c2a69e8a1cbfc', 'hc26id4qvcsrkfnrjxh8', '', '2019-07-25 14:53:22', '2019-07-25 14:53:22', 1);
INSERT INTO `user` VALUES (18077200032, 'user32', 'df6d7b1834ecc013a1380152c0386769', '8usujy3u7hsj939phw04', '', '2019-07-25 14:53:22', '2019-07-25 14:53:22', 1);
INSERT INTO `user` VALUES (18077200033, 'user33', 'c02b65c274cb882cdf0da69dbc33f9c4', 'jft62fxg40u9rngfpec9', '', '2019-07-25 14:53:22', '2019-07-25 14:53:22', 1);
INSERT INTO `user` VALUES (18077200034, 'user34', '5fc4cee7c8aeb9919bb25120bf0606a4', 'c8d1sk9thu3uuttnxceq', '', '2019-07-25 14:53:22', '2019-07-25 14:53:22', 1);
INSERT INTO `user` VALUES (18077200035, 'user35', '7d8e973c8511fef9fddf58c150205d04', '7xnyfpg6m2v9fetj28gv', '', '2019-07-25 14:53:22', '2019-07-25 14:53:22', 1);
INSERT INTO `user` VALUES (18077200036, 'user36', 'bb96fd4aa9435d1e35f1d20349c447bf', 'e19f3ipckhkz5700ngek', '', '2019-07-25 14:53:22', '2019-07-25 14:53:22', 1);
INSERT INTO `user` VALUES (18077200037, 'user37', '61368c0d374ffec983e6a0cc21efa96c', 'jth7awsgzx5t4ba77kau', '', '2019-07-25 14:53:22', '2019-07-25 14:53:22', 1);
INSERT INTO `user` VALUES (18077200038, 'user38', 'd9be939f07eb361bdac984ef2335ff00', 'jjwt8yqjwda5dz1rh3m2', '', '2019-07-25 14:53:22', '2019-07-25 14:53:22', 1);
INSERT INTO `user` VALUES (18077200039, 'user39', 'a71d77f77e0ce367435dbdc7909a39b9', '66st9b85jevr78cvaeh8', '', '2019-07-25 14:53:22', '2019-07-25 14:53:22', 1);
INSERT INTO `user` VALUES (18077200040, 'user40', 'f8f5741fb508c0b8a9c101dccadc7467', '3df4prbj9yqw5t7z49qh', '', '2019-07-25 14:53:22', '2019-07-25 14:53:22', 1);
INSERT INTO `user` VALUES (18077200041, 'user41', '4a8225b447415addf3a638128a643202', '517sn96cgdpm1btc3e5d', '', '2019-07-25 14:53:22', '2019-07-25 14:53:22', 1);
INSERT INTO `user` VALUES (18077200042, 'user42', '4d86c18ab66a0f1a262e59ec668dafcd', '06cje8fktamdt6fs9uqu', '', '2019-07-25 14:53:22', '2019-07-25 14:53:22', 1);
INSERT INTO `user` VALUES (18077200043, 'user43', '4698aacbff3ead1e0c7e1d13d190c03b', 'xb2g74gxqyg9djt9jze0', '', '2019-07-25 14:53:22', '2019-07-25 14:53:22', 1);
INSERT INTO `user` VALUES (18077200044, 'user44', 'f586d1e20202c952b72ef36ad6875766', 'd1hj7z14j4sxc6j3rag2', '', '2019-07-25 14:53:22', '2019-07-25 14:53:22', 1);
INSERT INTO `user` VALUES (18077200045, 'user45', '52e655024f33f60250c67f145baf11d4', '3b74uspwh95rx2ikcpse', '', '2019-07-25 14:53:22', '2019-07-25 14:53:22', 1);
INSERT INTO `user` VALUES (18077200046, 'user46', 'db92d0dba3e1ad4f47c2c134fed56ba9', 'gvxqav68s9nf1qte72gj', '', '2019-07-25 14:53:22', '2019-07-25 14:53:22', 1);
INSERT INTO `user` VALUES (18077200047, 'user47', '7c61bb3d6b243f78d66b79fde580e04c', '3xvkv9p68jdduq03ytp1', '', '2019-07-25 14:53:22', '2019-07-25 14:53:22', 1);
INSERT INTO `user` VALUES (18077200048, 'user48', '15b4b3c8c603dff3cea82dfcb1e4e51d', 'rr6sya0efkeuzt70np2u', '', '2019-07-25 14:53:22', '2019-07-25 14:53:22', 1);
INSERT INTO `user` VALUES (18077200049, 'user49', 'b1f12f618d7d69ca9e094c9bbc0c3c59', 'p852uafazt870tsci1u7', '', '2019-07-25 14:53:22', '2019-07-25 14:53:22', 1);
INSERT INTO `user` VALUES (18077200050, 'user50', 'c524471b5ee8665d6454825b39322c40', 'bxirsz7mmairi6mzaur8', '', '2019-07-25 14:53:22', '2019-07-25 14:53:22', 1);
INSERT INTO `user` VALUES (18077200051, 'user51', '3779e02b090a4cc7a4b09277a73e3ee7', 'zweg7zr0cvxbrd2tbkca', '', '2019-07-25 14:53:22', '2019-07-25 14:53:22', 1);
INSERT INTO `user` VALUES (18077200052, 'user52', 'fadef41dbb26a562f8e64d0c6f4adf02', '6isv8d75hwk4p3cfrbve', '', '2019-07-25 14:53:22', '2019-07-25 14:53:22', 1);
INSERT INTO `user` VALUES (18077200053, 'user53', '784cefd3a7ee4917fdfb014359884860', 'zyimsbrb0r5mxc80yq6m', '', '2019-07-25 14:53:22', '2019-07-25 14:53:22', 1);
INSERT INTO `user` VALUES (18077200054, 'user54', '499a817a9d6842c522db3272661742a2', '4i0bvbhb2ij89nr3k36x', '', '2019-07-25 14:53:22', '2019-07-25 14:53:22', 1);
INSERT INTO `user` VALUES (18077200055, 'user55', '81ce63434eeb0291f170e33efb670109', '1p0tqfjt0mj14gw103z0', '', '2019-07-25 14:53:22', '2019-07-25 14:53:22', 1);
INSERT INTO `user` VALUES (18077200056, 'user56', 'e12d9fa487f3fca2bea6a5e603313ac3', 'x8p7rxj9vcabna257rbz', '', '2019-07-25 14:53:22', '2019-07-25 14:53:22', 1);
INSERT INTO `user` VALUES (18077200057, 'user57', '74633f5d56cdc8ebe065130e70a3a7a9', 'k66gmqjtsivuwg11qwxs', '', '2019-07-25 14:53:22', '2019-07-25 14:53:22', 1);
INSERT INTO `user` VALUES (18077200058, 'user58', '0748b1dc453a7a141d62ee45e53378b4', '957hfrxkx5vz8ccqd9u0', '', '2019-07-25 14:53:22', '2019-07-25 14:53:22', 1);
INSERT INTO `user` VALUES (18077200059, 'user59', 'b2980df3aaa91467c7399aece164787e', 'xt8paxdtyw1388bxffgs', '', '2019-07-25 14:53:22', '2019-07-25 14:53:22', 1);
INSERT INTO `user` VALUES (18077200060, 'user60', 'f8872a0c2adff3325ed83d806078ebf7', '2ab6ajzqq6f6mquk2kzi', '', '2019-07-25 14:53:22', '2019-07-25 14:53:22', 1);
INSERT INTO `user` VALUES (18077200061, 'user61', '5bd989227a09739d8e2ad03fc81b2636', '6gte8sp26aavi9ajfdmu', '', '2019-07-25 14:53:22', '2019-07-25 14:53:22', 1);
INSERT INTO `user` VALUES (18077200062, 'user62', '24b28cca2830c67fa5da6ea08291a08a', 'ny855aki4dtuhuu8vhi9', '', '2019-07-25 14:53:22', '2019-07-25 14:53:22', 1);
INSERT INTO `user` VALUES (18077200063, 'user63', 'c0d1689c00df7e62396d477bb4e7cae0', 't4n3dh7x0gtcizbt6awa', '', '2019-07-25 14:53:22', '2019-07-25 14:53:22', 1);
INSERT INTO `user` VALUES (18077200064, 'user64', 'c87dc7ea98e3d8f51876dad6eb821651', 'nqgzacbghd2uk6u6k19j', '', '2019-07-25 14:53:22', '2019-07-25 14:53:22', 1);
INSERT INTO `user` VALUES (18077200065, 'user65', 'ba104e75a23ffb034f90e2bca5556b25', 'd313iarqiye3a8826rdq', '', '2019-07-25 14:53:22', '2019-07-25 14:53:22', 1);
INSERT INTO `user` VALUES (18077200066, 'user66', '58c08ae56d73c0965d2a16f5521febda', '7kmacf49gxr2e744prvx', '', '2019-07-25 14:53:22', '2019-07-25 14:53:22', 1);
INSERT INTO `user` VALUES (18077200067, 'user67', 'f4cd7a178ab74e040f80483f21c58f56', 'v35gk15j7umthnyxckw1', '', '2019-07-25 14:53:22', '2019-07-25 14:53:22', 1);
INSERT INTO `user` VALUES (18077200068, 'user68', 'c9d08ad4287f66238f009a3bd5436259', 'f4afip5825jnbhetqxq5', '', '2019-07-25 14:53:22', '2019-07-25 14:53:22', 1);
INSERT INTO `user` VALUES (18077200069, 'user69', '35da98628ac090e5715739e85787f340', 'g7yc4vxidd1xtchm5z52', '', '2019-07-25 14:53:22', '2019-07-25 14:53:22', 1);
INSERT INTO `user` VALUES (18077200070, 'user70', 'dca87afb5b3fb4df333c219e9e79f69b', '7xc86hsck9pd5qja3yyq', '', '2019-07-25 14:53:22', '2019-07-25 14:53:22', 1);
INSERT INTO `user` VALUES (18077200071, 'user71', 'ce12dbafec746c2c18aa189ab6b15c51', '6ievt0vzjnauruv4wp9a', '', '2019-07-25 14:53:22', '2019-07-25 14:53:22', 1);
INSERT INTO `user` VALUES (18077200072, 'user72', '3f6aa220512d602ff1434d024e66687e', '1dvfyebgwzruumxz77x2', '', '2019-07-25 14:53:22', '2019-07-25 14:53:22', 1);
INSERT INTO `user` VALUES (18077200073, 'user73', 'a1cd29c8ad070c834538dc7635fc7284', 'hhiej3eja2qh85k7yr0v', '', '2019-07-25 14:53:22', '2019-07-25 14:53:22', 1);
INSERT INTO `user` VALUES (18077200074, 'user74', 'ffb7f19919702b2ac5b8d7ae26c3b1ae', 'giyvv4eqpemz9vy6ng89', '', '2019-07-25 14:53:22', '2019-07-25 14:53:22', 1);
INSERT INTO `user` VALUES (18077200075, 'user75', 'f1169fffb6f35b3ce7e1a694a34e79a0', '50xwnw62vrbne6847389', '', '2019-07-25 14:53:22', '2019-07-25 14:53:22', 1);
INSERT INTO `user` VALUES (18077200076, 'user76', '7d9e0a4e2db9154d0e4841d8605b17c2', 'xp2ibzviv5b1hc3ryfi2', '', '2019-07-25 14:53:22', '2019-07-25 14:53:22', 1);
INSERT INTO `user` VALUES (18077200077, 'user77', '64d1f16e1e7797ecd926ad9e1fa1009f', 'uvjymxp4fmhziw55hw3q', '', '2019-07-25 14:53:22', '2019-07-25 14:53:22', 1);
INSERT INTO `user` VALUES (18077200078, 'user78', '8ae87edb280656bacb0bfcafc61c10c2', 'b6aaaehi5mi3jr0f3ff6', '', '2019-07-25 14:53:22', '2019-07-25 14:53:22', 1);
INSERT INTO `user` VALUES (18077200079, 'user79', '9574fc8c17304ec544c0ab03a94d4e19', 'q3idm717zf3fmqsdxpqu', '', '2019-07-25 14:53:22', '2019-07-25 14:53:22', 1);
INSERT INTO `user` VALUES (18077200080, 'user80', 'dede49b2a7154ae6bd78192ba2ce8187', '7iw0fdniw2et82d80x0s', '', '2019-07-25 14:53:22', '2019-07-25 14:53:22', 1);
INSERT INTO `user` VALUES (18077200081, 'user81', 'c790f04fb57f7f640b2e5d1284627b12', 'jdx8uad87ziisvyv0ije', '', '2019-07-25 14:53:22', '2019-07-25 14:53:22', 1);
INSERT INTO `user` VALUES (18077200082, 'user82', 'e45fa6ad13ec30170b9a43de25607d1d', 'r3djetjnfgnhm53p1b67', '', '2019-07-25 14:53:22', '2019-07-25 14:53:22', 1);
INSERT INTO `user` VALUES (18077200083, 'user83', '57e9f91a393061d66e5a38d86cc21595', 'n3rb9fb6wciu0pc3j7f2', '', '2019-07-25 14:53:22', '2019-07-25 14:53:22', 1);
INSERT INTO `user` VALUES (18077200084, 'user84', '963f27b9ce2ec8d8413ffb28c2c5742f', '6qwmu9g0wxse2qmew7yn', '', '2019-07-25 14:53:22', '2019-07-25 14:53:22', 1);
INSERT INTO `user` VALUES (18077200085, 'user85', 'f1398acad3e967f22ec59ca6567a7f0b', '077pzm601c0mw4xd9q86', '', '2019-07-25 14:53:22', '2019-07-25 14:53:22', 1);
INSERT INTO `user` VALUES (18077200086, 'user86', '26ce09dc6a473eaab73fc958ad66b671', 'suc8vk4cf6bquvk3ak78', '', '2019-07-25 14:53:22', '2019-07-25 14:53:22', 1);
INSERT INTO `user` VALUES (18077200087, 'user87', '933054fe84cebb9fd9b9ecd9afd02fb7', '047q4u8myyy9swenkpwi', '', '2019-07-25 14:53:22', '2019-07-25 14:53:22', 1);
INSERT INTO `user` VALUES (18077200088, 'user88', '8ade1270ce2da51bb1981fc6ca1dc894', 'ux38vvaqxekiz8mz4fhr', '', '2019-07-25 14:53:22', '2019-07-25 14:53:22', 1);
INSERT INTO `user` VALUES (18077200089, 'user89', 'e90bb1c352532edc0a51309920981b56', 'gizu9g3kqt1c63phf860', '', '2019-07-25 14:53:22', '2019-07-25 14:53:22', 1);
INSERT INTO `user` VALUES (18077200090, 'user90', 'abe77ce5adbe28ec9d4dd52283139b7f', '0xkrb8w3cfhpxub1f0er', '', '2019-07-25 14:53:22', '2019-07-25 14:53:22', 1);
INSERT INTO `user` VALUES (18077200091, 'user91', 'c4c5cbfec5517ecfd90e847f45956e73', '9ej3y9gtd5q9dqxinb3c', '', '2019-07-25 14:53:22', '2019-07-25 14:53:22', 1);
INSERT INTO `user` VALUES (18077200092, 'user92', '41c6dce399fd70e5c22b07797f207d40', 'n0aexz0nhce0ftmtr42f', '', '2019-07-25 14:53:22', '2019-07-25 14:53:22', 1);
INSERT INTO `user` VALUES (18077200093, 'user93', '71d5946338bffd0a9cda545f3f344559', 'ibu12ev57p38vmgg5bxm', '', '2019-07-25 14:53:22', '2019-07-25 14:53:22', 1);
INSERT INTO `user` VALUES (18077200094, 'user94', 'f77cb8170c385f510d35b961d4ae3001', 'khmbv9innmhvaae1x25b', '', '2019-07-25 14:53:22', '2019-07-25 14:53:22', 1);
INSERT INTO `user` VALUES (18077200095, 'user95', '16b1926a1d2e320abf0c55db1b1d7f4e', '8n34ruzvwq75ani3fqf7', '', '2019-07-25 14:53:22', '2019-07-25 14:53:22', 1);
INSERT INTO `user` VALUES (18077200096, 'user96', '0de8693cc6ad516af10294678b6f0f11', 'mziffzda9pcegp2b4nv7', '', '2019-07-25 14:53:22', '2019-07-25 14:53:22', 1);
INSERT INTO `user` VALUES (18077200097, 'user97', '482c87f166518dde9aa5435ed2a02360', '7cwahs2r2jw6f15u6m5d', '', '2019-07-25 14:53:22', '2019-07-25 14:53:22', 1);
INSERT INTO `user` VALUES (18077200098, 'user98', '2d51be59ca2e889837967909368b0f80', 'nfjiq7mx68gzqwa04v19', '', '2019-07-25 14:53:22', '2019-07-25 14:53:22', 1);
INSERT INTO `user` VALUES (18077200099, 'user99', '5ea02f7d1465701d33ba209b55dd43f1', '6twidn4d81y78j28epci', '', '2019-07-25 14:53:22', '2019-07-25 14:53:22', 1);
INSERT INTO `user` VALUES (18077200100, 'user100', '8dc5469c8b123d3407c0af5f22a31faa', '69yc9hq3a0eqy60ky4fx', '', '2019-07-25 14:53:22', '2019-07-25 14:53:22', 1);
INSERT INTO `user` VALUES (18077200101, 'user101', 'd0c988bb78d2dfa9eca2cc29a0a683c2', 'pqvcnuf64duy0jnwhjfa', '', '2019-07-25 14:53:22', '2019-07-25 14:53:22', 1);
INSERT INTO `user` VALUES (18077200102, 'user102', 'c029d8c68c085f5de37d9e01659c989b', '47efawxfrg8sirps2a3b', '', '2019-07-25 14:53:22', '2019-07-25 14:53:22', 1);
INSERT INTO `user` VALUES (18077200103, 'user103', 'd7c7cb16b463be6b7e84ad3ae6de43f6', 'hrhiru8ntawjvfv6feps', '', '2019-07-25 14:53:22', '2019-07-25 14:53:22', 1);
INSERT INTO `user` VALUES (18077200104, 'user104', '36044ff5e6d1a183487e8e209af051b8', 'xqdwukb0k6fa0fc98gkp', '', '2019-07-25 14:53:22', '2019-07-25 14:53:22', 1);
INSERT INTO `user` VALUES (18077200105, 'user105', '8abd141ac4d6842794f96cdf933e90dc', 'ev3gbmybpicpjhbht6cr', '', '2019-07-25 14:53:22', '2019-07-25 14:53:22', 1);
INSERT INTO `user` VALUES (18077200106, 'user106', 'c24153541ed9fc158fb77948141fd257', 'nw8prp9gbxkivj9tua9y', '', '2019-07-25 14:53:22', '2019-07-25 14:53:22', 1);
INSERT INTO `user` VALUES (18077200107, 'user107', 'ce54c69873fa26a379323d4bb9e47b33', '7nu4dx4sp9qf4s625h2p', '', '2019-07-25 14:53:22', '2019-07-25 14:53:22', 1);
INSERT INTO `user` VALUES (18077200108, 'user108', '21eb7755510fb3c96b1293cad96a14d5', 'q6c8jdvtnitfeem3wres', '', '2019-07-25 14:53:22', '2019-07-25 14:53:22', 1);
INSERT INTO `user` VALUES (18077200109, 'user109', 'a670b3a4b5f57c87691626f38d971fa7', '67tctdiwpjcq1ac8vqn1', '', '2019-07-25 14:53:22', '2019-07-25 14:53:22', 1);
INSERT INTO `user` VALUES (18077200110, 'user110', '3847763467392e62446cf25a6c2a1d6a', 'rqrugfpgghhtmpw6iqp5', '', '2019-07-25 14:53:22', '2019-07-25 14:53:22', 1);
INSERT INTO `user` VALUES (18077200111, 'user111', '291ef6348aee76de9a98a651725b8f8f', 'h1cu0sey2c7xqku3wg85', '', '2019-07-25 14:53:22', '2019-07-25 14:53:22', 1);
INSERT INTO `user` VALUES (18077200112, 'user112', '6ce06787d4671dad456450707453b2b4', '2hgrf1g425ta0txmmcbb', '', '2019-07-25 14:53:22', '2019-07-25 14:53:22', 1);
INSERT INTO `user` VALUES (18077200113, 'user113', '07b73f2391d88c569d2467a264bba2fb', 'tvedzmhyfr3wm6u1cc9c', '', '2019-07-25 14:53:22', '2019-07-25 14:53:22', 1);
INSERT INTO `user` VALUES (18077200114, 'user114', 'c98d6a059a18fc7515f449c5c46d70b6', '9x4tbyzh5r7mzyqs6d2u', '', '2019-07-25 14:53:22', '2019-07-25 14:53:22', 1);
INSERT INTO `user` VALUES (18077200115, 'user115', '38e559771b2c4105d4e8fa5730c4cee8', 'pc54jm6ceeyhxz2j5g40', '', '2019-07-25 14:53:22', '2019-07-25 14:53:22', 1);
INSERT INTO `user` VALUES (18077200116, 'user116', 'ed3b6db52c8473787c44610c4079b1e7', 'vajp0byutf2w2b5cjn87', '', '2019-07-25 14:53:22', '2019-07-25 14:53:22', 1);
INSERT INTO `user` VALUES (18077200117, 'user117', '0068139eee7372c308fa358ee1df3c50', 'vcydek1mm5cubzi6kmyf', '', '2019-07-25 14:53:22', '2019-07-25 14:53:22', 1);
INSERT INTO `user` VALUES (18077200118, 'user118', '55729e9181a9ca39733c1f09bf679ab4', 'ef3ksiigcr64iwiztq4h', '', '2019-07-25 14:53:22', '2019-07-25 14:53:22', 1);
INSERT INTO `user` VALUES (18077200119, 'user119', '22f224a63ed6b2e47ba913a7b888ac0f', 'cqgd5jz8cs6vf9s0y2wm', '', '2019-07-25 14:53:22', '2019-07-25 14:53:22', 1);
INSERT INTO `user` VALUES (18077200120, 'user120', 'e630ef756668d212a996fa30ac46feb1', 'ad4idrsv6d76dh6rr6db', '', '2019-07-25 14:53:22', '2019-07-25 14:53:22', 1);
INSERT INTO `user` VALUES (18077200121, 'user121', '440765fe0ab84bcf4856626c2bf59ab2', '8cmzynu8iq9xjquv85nh', '', '2019-07-25 14:53:22', '2019-07-25 14:53:22', 1);
INSERT INTO `user` VALUES (18077200122, 'user122', '7955287010216f0a1fad95a5e74c3881', '307wrwpyqxmhui4742mn', '', '2019-07-25 14:53:22', '2019-07-25 14:53:22', 1);
INSERT INTO `user` VALUES (18077200123, 'user123', '93cd72a0f124febb6b6188c6c380eee6', 'w2uz8cvhpubaksvtvdv1', '', '2019-07-25 14:53:22', '2019-07-25 14:53:22', 1);
INSERT INTO `user` VALUES (18077200124, 'user124', 'd88dfd9290448ad62bde80b0d1298d86', '227k0xe38gvcm382smrj', '', '2019-07-25 14:53:22', '2019-07-25 14:53:22', 1);
INSERT INTO `user` VALUES (18077200125, 'user125', 'ace026e2500486235c3048d54678c93d', 'q5mf4zc8puy5rxfu5xdn', '', '2019-07-25 14:53:22', '2019-07-25 14:53:22', 1);
INSERT INTO `user` VALUES (18077200126, 'user126', 'f0eb8b69c6994d481a8bbad66aaa0232', 'w3i8d1b11qdivdu6uaij', '', '2019-07-25 14:53:22', '2019-07-25 14:53:22', 1);
INSERT INTO `user` VALUES (18077200127, 'user127', 'f962c8a6f1cb3a332e1b507709281989', 'es9utrfwd7dwjb497h54', '', '2019-07-25 14:53:22', '2019-07-25 14:53:22', 1);
INSERT INTO `user` VALUES (18077200128, 'user128', 'f915fc0fbb43608309e6976259b68eff', 'vd568jwc9x4g90iw85qs', '', '2019-07-25 14:53:22', '2019-07-25 14:53:22', 1);
INSERT INTO `user` VALUES (18077200129, 'user129', 'fcbd212a33b8e9d20e2c142cbdf67596', '0dv226znvn9etugwd4gb', '', '2019-07-25 14:53:22', '2019-07-25 14:53:22', 1);
INSERT INTO `user` VALUES (18077200130, 'user130', 'd9649cb1da8080134ec8f82678a0cb1c', '1uaxmn1rh2bccbgwir7d', '', '2019-07-25 14:53:22', '2019-07-25 14:53:22', 1);
INSERT INTO `user` VALUES (18077200131, 'user131', '5043c74cbb988a5c90d4db8eb4edaa0a', 'tyxx8ri7v4ssx3ry91cz', '', '2019-07-25 14:53:22', '2019-07-25 14:53:22', 1);
INSERT INTO `user` VALUES (18077200132, 'user132', 'a597bc62f3c34de4d5e47b80f56d0562', '60iz322ptxestreq8qfd', '', '2019-07-25 14:53:22', '2019-07-25 14:53:22', 1);
INSERT INTO `user` VALUES (18077200133, 'user133', 'b53cd43aff490e5dcfa7f112d8ed822d', 'bm34bxfe797bmk599a5k', '', '2019-07-25 14:53:22', '2019-07-25 14:53:22', 1);
INSERT INTO `user` VALUES (18077200134, 'user134', '53578e75f9b87c231a08eddfcf7bb209', 'mq6ghpagms7psgxyns71', '', '2019-07-25 14:53:22', '2019-07-25 14:53:22', 1);
INSERT INTO `user` VALUES (18077200135, 'user135', '59eed102284aea8b7933efdd47b9dfdc', '78gifrh63mkeg32imja6', '', '2019-07-25 14:53:22', '2019-07-25 14:53:22', 1);
INSERT INTO `user` VALUES (18077200136, 'user136', '113bfe6635911cf8d2ad0a6cd4fa39f6', '00m071gw5x3m80q1j9si', '', '2019-07-25 14:53:22', '2019-07-25 14:53:22', 1);
INSERT INTO `user` VALUES (18077200137, 'user137', 'e01c2e5d2265610c87635751aa6ff7b3', 'axrbgyu3wh9xdzpy46vm', '', '2019-07-25 14:53:22', '2019-07-25 14:53:22', 1);
INSERT INTO `user` VALUES (18077200138, 'user138', '39e2807ea24d5c5a2d9980eaddc8a251', '2vavcrnz1q4jj228jn3m', '', '2019-07-25 14:53:22', '2019-07-25 14:53:22', 1);
INSERT INTO `user` VALUES (18077200139, 'user139', 'e8d22d7a1e06e82f423551d73bef63d2', 't4adggyuzy82thdvy91v', '', '2019-07-25 14:53:22', '2019-07-25 14:53:22', 1);
INSERT INTO `user` VALUES (18077200140, 'user140', 'd8726a657b75e0270414ad60894bdea9', 'qbet567zw8ge25i40rea', '', '2019-07-25 14:53:22', '2019-07-25 14:53:22', 1);
INSERT INTO `user` VALUES (18077200141, 'user141', 'b0c60fb56d7d5b0ed136b8ccfbb06e98', '17hwt3eavdusrh93pi55', '', '2019-07-25 14:53:22', '2019-07-25 14:53:22', 1);
INSERT INTO `user` VALUES (18077200142, 'user142', 'ae9363b493fce7c5479ee57bf80ccb72', 'mddatci9ywgc04ziyrjw', '', '2019-07-25 14:53:22', '2019-07-25 14:53:22', 1);
INSERT INTO `user` VALUES (18077200143, 'user143', 'ca1297cc7bf63af45db2d81771c92667', '3thciyx1mjhvthaangfj', '', '2019-07-25 14:53:22', '2019-07-25 14:53:22', 1);
INSERT INTO `user` VALUES (18077200144, 'user144', 'ff58b6e40f705893d38b427e94aa401e', 'mf7xtrpxx61mm7r3ntxn', '', '2019-07-25 14:53:22', '2019-07-25 14:53:22', 1);
INSERT INTO `user` VALUES (18077200145, 'user145', '092e3a7363e346d6456849aedd939a08', 'b1dyhy47am8m9mtta97v', '', '2019-07-25 14:53:22', '2019-07-25 14:53:22', 1);
INSERT INTO `user` VALUES (18077200146, 'user146', '5d79fcf2aca457f42f758ac0d305f5e7', 'bgzvjx38j9f01f7fcfyk', '', '2019-07-25 14:53:22', '2019-07-25 14:53:22', 1);
INSERT INTO `user` VALUES (18077200147, 'user147', 'e28d290e3856deb9906473a1acf7d1f3', '1t19dwmhufqngb38embr', '', '2019-07-25 14:53:22', '2019-07-25 14:53:22', 1);
INSERT INTO `user` VALUES (18077200148, 'user148', '6577141d7ca151466874ba4ddd083e49', 't1jgc7s26722zt57nxtm', '', '2019-07-25 14:53:22', '2019-07-25 14:53:22', 1);
INSERT INTO `user` VALUES (18077200149, 'user149', 'dc4aaab6e385c277f142fff406ce9dd4', 'vreszjwyr8n2dnzmy6x6', '', '2019-07-25 14:53:22', '2019-07-25 14:53:22', 1);
INSERT INTO `user` VALUES (18077200150, 'user150', '05b598b8ffc198f428b9a06a1323047c', 'wh2d26s73hv7kcwuwgsh', '', '2019-07-25 14:53:22', '2019-07-25 14:53:22', 1);
INSERT INTO `user` VALUES (18077200151, 'user151', '109c44f4e7a3cdf8c917f26d10dd6796', 'y2ezdgqfg523vg9jqkd4', '', '2019-07-25 14:53:22', '2019-07-25 14:53:22', 1);
INSERT INTO `user` VALUES (18077200152, 'user152', 'c58f7bd71684eeb6852a074f9f040148', 'y8ziem1238y9d0t0t9qu', '', '2019-07-25 14:53:22', '2019-07-25 14:53:22', 1);
INSERT INTO `user` VALUES (18077200153, 'user153', '419af4fb9d895d693bae45734c2790e7', 'gc1730pfbi6eumx8tm1h', '', '2019-07-25 14:53:22', '2019-07-25 14:53:22', 1);
INSERT INTO `user` VALUES (18077200154, 'user154', '7be6dc22e8cdbc15a651d1b381dc6275', 'rewntr63qsj3a0du4zk4', '', '2019-07-25 14:53:22', '2019-07-25 14:53:22', 1);
INSERT INTO `user` VALUES (18077200155, 'user155', '096ef1728af6666af7f39ed25ecf3b5f', 'jxqyni2a63p877sfqu5u', '', '2019-07-25 14:53:22', '2019-07-25 14:53:22', 1);
INSERT INTO `user` VALUES (18077200156, 'user156', 'd92adc5daa91abfa0d766340195a16c8', 'nyt54ew6tq46606rgtdt', '', '2019-07-25 14:53:22', '2019-07-25 14:53:22', 1);
INSERT INTO `user` VALUES (18077200157, 'user157', '83db3ed0bafa6deffb2688913d42a586', 'bg1yz8eciiha0za0euy4', '', '2019-07-25 14:53:22', '2019-07-25 14:53:22', 1);
INSERT INTO `user` VALUES (18077200158, 'user158', '5a012078bca2132b5f18c6f03211b698', 'pw9hu37dzughyhwh77aq', '', '2019-07-25 14:53:22', '2019-07-25 14:53:22', 1);
INSERT INTO `user` VALUES (18077200159, 'user159', '1fd11fda623a46affa5cabfdd38411a7', 'e6wz4vt1rhr1am3aj8re', '', '2019-07-25 14:53:22', '2019-07-25 14:53:22', 1);
INSERT INTO `user` VALUES (18077200160, 'user160', 'ddc7c1fba2d934526d609fc6dd9c5947', 'j3uwan0ewf1mqrynt3v4', '', '2019-07-25 14:53:22', '2019-07-25 14:53:22', 1);
INSERT INTO `user` VALUES (18077200161, 'user161', '64ab4df7bd45a4b05a7b081fad9a2a19', 'f4a7uq8z2zk1r25cc2fh', '', '2019-07-25 14:53:22', '2019-07-25 14:53:22', 1);
INSERT INTO `user` VALUES (18077200162, 'user162', '129a6ce86c01ec0cfd7ff9215952088e', '81kbm0i5fj43x11t7mgt', '', '2019-07-25 14:53:22', '2019-07-25 14:53:22', 1);
INSERT INTO `user` VALUES (18077200163, 'user163', '6258042b9d94ffa1ea7fa239b59a5c3c', 'c2f2d8cw4mf14immxmri', '', '2019-07-25 14:53:22', '2019-07-25 14:53:22', 1);
INSERT INTO `user` VALUES (18077200164, 'user164', '5ab5dc62af3ea5af12d8a5d073b161e0', '91ck1m412pwkzp34njig', '', '2019-07-25 14:53:22', '2019-07-25 14:53:22', 1);
INSERT INTO `user` VALUES (18077200165, 'user165', '04e6a506a59d94adbe4d8569141337a7', 'vk4wuy6p598h00kpmtte', '', '2019-07-25 14:53:22', '2019-07-25 14:53:22', 1);
INSERT INTO `user` VALUES (18077200166, 'user166', 'e57dd949a848400dceac2f7ed8edb696', 'equi2jv8x38hdxrajy10', '', '2019-07-25 14:53:22', '2019-07-25 14:53:22', 1);
INSERT INTO `user` VALUES (18077200167, 'user167', '42db00cef419bbbfb7b23fd2ab5597ab', 'spsrt7kirnen9ujerejc', '', '2019-07-25 14:53:22', '2019-07-25 14:53:22', 1);
INSERT INTO `user` VALUES (18077200168, 'user168', 'b833a99ee655c8878c83080a13c9d89e', '4jpmnaxc31gv6i01gb7y', '', '2019-07-25 14:53:22', '2019-07-25 14:53:22', 1);
INSERT INTO `user` VALUES (18077200169, 'user169', '396582f3fab33b334212f21367160405', 'fgpcedv3339h1u6i9cj7', '', '2019-07-25 14:53:22', '2019-07-25 14:53:22', 1);
INSERT INTO `user` VALUES (18077200170, 'user170', '3d375d085178503f1d0601042446bc73', 'th40ytt22jk4e8g0ud12', '', '2019-07-25 14:53:22', '2019-07-25 14:53:22', 1);
INSERT INTO `user` VALUES (18077200171, 'user171', 'c6ee2dcaaf50b02f6244ff18c72f22d3', 'tygta2dhtt2906qhj5vz', '', '2019-07-25 14:53:22', '2019-07-25 14:53:22', 1);
INSERT INTO `user` VALUES (18077200172, 'user172', '1d288d5132fd3e80327fd8cefdadd0b1', '8a89ipvkzyzgpfx2a08j', '', '2019-07-25 14:53:22', '2019-07-25 14:53:22', 1);
INSERT INTO `user` VALUES (18077200173, 'user173', '55f7e4ca429699a74ed4a1ead5a64f50', 'yc3rnnurap61t70wwk3r', '', '2019-07-25 14:53:22', '2019-07-25 14:53:22', 1);
INSERT INTO `user` VALUES (18077200174, 'user174', '9242e9bbd88bf44c3b7ab562d8f495e3', 'j4wdyw2eccwk8e1gdp5m', '', '2019-07-25 14:53:22', '2019-07-25 14:53:22', 1);
INSERT INTO `user` VALUES (18077200175, 'user175', '14a139ee34071b185820fc7e0f8e64fa', 'yyd32067sb38fut3zj1d', '', '2019-07-25 14:53:22', '2019-07-25 14:53:22', 1);
INSERT INTO `user` VALUES (18077200176, 'user176', 'ceacd0d5215f87062a60ae8b6e519b29', 'a32wb9iwhvcyr30ya5qh', '', '2019-07-25 14:53:22', '2019-07-25 14:53:22', 1);
INSERT INTO `user` VALUES (18077200177, 'user177', '6c198f67154cd96612b40ad308ec7859', '8f4nudfqdz127bdvsfc8', '', '2019-07-25 14:53:22', '2019-07-25 14:53:22', 1);
INSERT INTO `user` VALUES (18077200178, 'user178', '5bf4817494d6b2ea9df64bbd948b7579', 'rehbe64sv0zckytcnurb', '', '2019-07-25 14:53:22', '2019-07-25 14:53:22', 1);
INSERT INTO `user` VALUES (18077200179, 'user179', 'f951fd6ddf8238d9b7af8e3cba961841', '4jqcd2f5jg789qw0f25f', '', '2019-07-25 14:53:22', '2019-07-25 14:53:22', 1);
INSERT INTO `user` VALUES (18077200180, 'user180', 'f50b8ddbc0ad6baa9b55f12bc247ec28', '63yej86vety2ub14pnik', '', '2019-07-25 14:53:22', '2019-07-25 14:53:22', 1);
INSERT INTO `user` VALUES (18077200181, 'user181', 'db682f26b597b79c722c44f14e48494a', '9k7qa4xku9kj1fu27x3w', '', '2019-07-25 14:53:22', '2019-07-25 14:53:22', 1);
INSERT INTO `user` VALUES (18077200182, 'user182', 'f69bd44d79abda999764a24716358cc4', 'ygiey41pwh349yfsc0xt', '', '2019-07-25 14:53:22', '2019-07-25 14:53:22', 1);
INSERT INTO `user` VALUES (18077200183, 'user183', '6220c8b5cd8c7a7c99098754a147f3f7', 'r7scdecrbbzfr469cp0d', '', '2019-07-25 14:53:22', '2019-07-25 14:53:22', 1);
INSERT INTO `user` VALUES (18077200184, 'user184', 'b8985dd127983cd203a00f95991e225c', 'j225c2q1hi44sica9af5', '', '2019-07-25 14:53:22', '2019-07-25 14:53:22', 1);
INSERT INTO `user` VALUES (18077200185, 'user185', '6de09c3a8f1b244c4fe426c7e38a1ee7', 'ets9a7rakm8w3gtnh0jx', '', '2019-07-25 14:53:22', '2019-07-25 14:53:22', 1);
INSERT INTO `user` VALUES (18077200186, 'user186', '6343e124919b8b828569023b16223cdc', 'ugz8731fjn7z8h2cun1p', '', '2019-07-25 14:53:22', '2019-07-25 14:53:22', 1);
INSERT INTO `user` VALUES (18077200187, 'user187', '2ce282aced4ce3a67f983c2f9ea59a09', 'ju1vnn3nvxnueyyzkdbc', '', '2019-07-25 14:53:22', '2019-07-25 14:53:22', 1);
INSERT INTO `user` VALUES (18077200188, 'user188', '1ddcc98057b67aa2a046892df821720d', 'v4sq1ic58k971rc2630b', '', '2019-07-25 14:53:22', '2019-07-25 14:53:22', 1);
INSERT INTO `user` VALUES (18077200189, 'user189', 'b91f62ea6fdb8481c208e1f13a5ec958', '148wb74jpct8nm5v424a', '', '2019-07-25 14:53:22', '2019-07-25 14:53:22', 1);
INSERT INTO `user` VALUES (18077200190, 'user190', '494fa6f43ffab29e9b84a5a45b1a71c3', '9s31mpzcm0x3ieybt99k', '', '2019-07-25 14:53:22', '2019-07-25 14:53:22', 1);
INSERT INTO `user` VALUES (18077200191, 'user191', '2ea51dce9a19ee047b8b0daa8d8f89ba', 'ddb5j2e2cu9ewxuj8bvi', '', '2019-07-25 14:53:22', '2019-07-25 14:53:22', 1);
INSERT INTO `user` VALUES (18077200192, 'user192', '02c628e9252c869b460032473a64eb68', 'eih9wayw4pazb8sp7rx2', '', '2019-07-25 14:53:22', '2019-07-25 14:53:22', 1);
INSERT INTO `user` VALUES (18077200193, 'user193', '744840fe9ba9f1e258ce58729e43ef57', '83mg9tyw8q5jakfm975s', '', '2019-07-25 14:53:22', '2019-07-25 14:53:22', 1);
INSERT INTO `user` VALUES (18077200194, 'user194', '69785eeae6df809dcf41a251a3e3fa6e', 'zdyc5srxmk98rccu64rv', '', '2019-07-25 14:53:22', '2019-07-25 14:53:22', 1);
INSERT INTO `user` VALUES (18077200195, 'user195', '27d33d7ae9244d6716b35f0475711bb3', 'b2zw6udsydqi4u9jkgt9', '', '2019-07-25 14:53:22', '2019-07-25 14:53:22', 1);
INSERT INTO `user` VALUES (18077200196, 'user196', '26784975307e7251703069295d7a2adb', '7ap25wgbrn5zm9yhhkpu', '', '2019-07-25 14:53:22', '2019-07-25 14:53:22', 1);
INSERT INTO `user` VALUES (18077200197, 'user197', '6e3c4b68586774d4aafc93fae6ca1395', 'xm1g1gwgkkvuzsvz03us', '', '2019-07-25 14:53:22', '2019-07-25 14:53:22', 1);
INSERT INTO `user` VALUES (18077200198, 'user198', '883380290326a1e9b03c38e6a3eb20e6', 'j659kccgrs7fhngyzdi3', '', '2019-07-25 14:53:22', '2019-07-25 14:53:22', 1);
INSERT INTO `user` VALUES (18077200199, 'user199', '60dd06551ca7883685c8c23248d85049', 'd2n0bvnss8befu6fsj4k', '', '2019-07-25 14:53:22', '2019-07-25 14:53:22', 1);
INSERT INTO `user` VALUES (18077200200, 'user200', 'fefeaa739662065b98682ac077a368fa', '7pa5j33fn80qd5nc1d9i', '', '2019-07-25 14:53:22', '2019-07-25 14:53:22', 1);
INSERT INTO `user` VALUES (18077200201, 'user201', '6e9c0604c399719913a8b5e56bde0fd9', 'zha3diqeb2jdp95mmipb', '', '2019-07-25 14:53:22', '2019-07-25 14:53:22', 1);
INSERT INTO `user` VALUES (18077200202, 'user202', 'abfe95e11996fc57a475677a0344e077', '7aiqw194wcjkgd83qyex', '', '2019-07-25 14:53:22', '2019-07-25 14:53:22', 1);
INSERT INTO `user` VALUES (18077200203, 'user203', '428326c05f4f72096181a81fa117d8f7', '8ezac55sg530f4776y19', '', '2019-07-25 14:53:22', '2019-07-25 14:53:22', 1);
INSERT INTO `user` VALUES (18077200204, 'user204', '745b2a1208dea8c35aae3624482d4a86', 'td39rzjtm95d4bp5kkuc', '', '2019-07-25 14:53:22', '2019-07-25 14:53:22', 1);
INSERT INTO `user` VALUES (18077200205, 'user205', '14e47113913b838ff495f56cf3580304', 'yxsstyq1t5ensibx1t30', '', '2019-07-25 14:53:22', '2019-07-25 14:53:22', 1);
INSERT INTO `user` VALUES (18077200206, 'user206', 'ecaa27cbcacfa9880a6c8da74870d85e', 'rsh0666v97thzyhups28', '', '2019-07-25 14:53:22', '2019-07-25 14:53:22', 1);
INSERT INTO `user` VALUES (18077200207, 'user207', '4257d7ff0202a33ace3a2b981dc3c442', 'cgja65giey4358m0k8rg', '', '2019-07-25 14:53:22', '2019-07-25 14:53:22', 1);
INSERT INTO `user` VALUES (18077200208, 'user208', 'd2b098daab0b4efbffee4c5173b74ec3', '9vz4vaq5tf7h8zeaj4d3', '', '2019-07-25 14:53:22', '2019-07-25 14:53:22', 1);
INSERT INTO `user` VALUES (18077200209, 'user209', 'de1dde69b981cef34a02b646671ed229', 'j5affry0m1189f6gqia5', '', '2019-07-25 14:53:22', '2019-07-25 14:53:22', 1);
INSERT INTO `user` VALUES (18077200210, 'user210', 'c7fe891d6374c431f61d2a735ed18031', 'g6b1h227ghghwbjrgmi2', '', '2019-07-25 14:53:22', '2019-07-25 14:53:22', 1);
INSERT INTO `user` VALUES (18077200211, 'user211', 'f6610d4e55c6e9a544e4cf153bf0908b', 'st96n5qif9pr1z0hq9am', '', '2019-07-25 14:53:22', '2019-07-25 14:53:22', 1);
INSERT INTO `user` VALUES (18077200212, 'user212', '1ce8cdec4028e7f15dc5e699b13d8205', 'j4eyvh94q3hi0f5px9tx', '', '2019-07-25 14:53:22', '2019-07-25 14:53:22', 1);
INSERT INTO `user` VALUES (18077200213, 'user213', '601e6ec757ed0acfa45cfe027ad8b662', 'k15zsxyh40s4ygfwynf0', '', '2019-07-25 14:53:22', '2019-07-25 14:53:22', 1);
INSERT INTO `user` VALUES (18077200214, 'user214', 'e8c01d961350bc0aad122ac69b7798ed', '95sbuhtr2maengb6316z', '', '2019-07-25 14:53:22', '2019-07-25 14:53:22', 1);
INSERT INTO `user` VALUES (18077200215, 'user215', '009fcaac5c21268465466ccddef277e2', 'h3n7u7p15ysu65w7kf1s', '', '2019-07-25 14:53:22', '2019-07-25 14:53:22', 1);
INSERT INTO `user` VALUES (18077200216, 'user216', '56871ba7fa16bab2e5cfb87ce9be292e', '7qqwqu4yfnt3kbcpg8ss', '', '2019-07-25 14:53:22', '2019-07-25 14:53:22', 1);
INSERT INTO `user` VALUES (18077200217, 'user217', '41b3e4e4be61a760bcf26f1666a91a3f', 'gecgr4d6acndw9i64ai3', '', '2019-07-25 14:53:22', '2019-07-25 14:53:22', 1);
INSERT INTO `user` VALUES (18077200218, 'user218', '65c00b34b95d0438ceb3e51aa1c44b1b', 'gh6978yb6usv6itvcm6n', '', '2019-07-25 14:53:22', '2019-07-25 14:53:22', 1);
INSERT INTO `user` VALUES (18077200219, 'user219', 'f0d2a44abac975c033c31a8a94f71567', 'vqfy56p8i79y97cen85n', '', '2019-07-25 14:53:22', '2019-07-25 14:53:22', 1);
INSERT INTO `user` VALUES (18077200220, 'user220', 'b2bddedd62ace94ad6424f9556b4a580', 'rcaafdt0ay5v1c2jzncu', '', '2019-07-25 14:53:22', '2019-07-25 14:53:22', 1);
INSERT INTO `user` VALUES (18077200221, 'user221', '7625bc841e9154ca4b42d4a9f98c66c4', 'bvvxqffs2g8z6ny7bsr1', '', '2019-07-25 14:53:22', '2019-07-25 14:53:22', 1);
INSERT INTO `user` VALUES (18077200222, 'user222', '632fe527284014b13c57ae5e3925d3ff', 'w3bg8z4d8fw6x8z8us7a', '', '2019-07-25 14:53:22', '2019-07-25 14:53:22', 1);
INSERT INTO `user` VALUES (18077200223, 'user223', '7d5a315baecfc4fb21f328469dd835c3', 'y4msbcwixvmi5fzp4jxy', '', '2019-07-25 14:53:22', '2019-07-25 14:53:22', 1);
INSERT INTO `user` VALUES (18077200224, 'user224', '8050307af3fae3d14d711387922c326a', 'fkbtpb3t8uj2yxfbaste', '', '2019-07-25 14:53:22', '2019-07-25 14:53:22', 1);
INSERT INTO `user` VALUES (18077200225, 'user225', '7ae633d85e8bf18ebcb49de5d7c9963e', 'mt7d7ty6pb3x95g5z0tw', '', '2019-07-25 14:53:22', '2019-07-25 14:53:22', 1);
INSERT INTO `user` VALUES (18077200226, 'user226', '534fccece81953f861c20bf90fa582e6', 'wic09f0gjrz93weugzkp', '', '2019-07-25 14:53:22', '2019-07-25 14:53:22', 1);
INSERT INTO `user` VALUES (18077200227, 'user227', '46674ab96d9349087d80be4e0dc138ab', '7md4qa7keam7c5x6e40r', '', '2019-07-25 14:53:22', '2019-07-25 14:53:22', 1);
INSERT INTO `user` VALUES (18077200228, 'user228', '367f7fbf9c93e9d397efaf75be9d5b26', 'uyqinq97qghr4gcjbtxn', '', '2019-07-25 14:53:22', '2019-07-25 14:53:22', 1);
INSERT INTO `user` VALUES (18077200229, 'user229', '2c18d3fd6fae1c12c2007375749a1570', 'b8ky2m9gkhqqrc1m8qb6', '', '2019-07-25 14:53:22', '2019-07-25 14:53:22', 1);
INSERT INTO `user` VALUES (18077200230, 'user230', 'd8ef3c7920d02c01cdd129ed72c2f230', 'itxg9wb8pjenp1bqkhas', '', '2019-07-25 14:53:22', '2019-07-25 14:53:22', 1);
INSERT INTO `user` VALUES (18077200231, 'user231', '05c66abefb31bebb32120efbf2e7da78', 'ndcg2zdxtvbhzb2uczhf', '', '2019-07-25 14:53:22', '2019-07-25 14:53:22', 1);
INSERT INTO `user` VALUES (18077200232, 'user232', 'c2450704afda3876f5f418fae97815f8', '2ds21rcy1jpi3dhqzr46', '', '2019-07-25 14:53:22', '2019-07-25 14:53:22', 1);
INSERT INTO `user` VALUES (18077200233, 'user233', '1665ad84da39ed8a525c135a224fac2b', 'xu0vkbr1qrs4k8q2nnr2', '', '2019-07-25 14:53:22', '2019-07-25 14:53:22', 1);
INSERT INTO `user` VALUES (18077200234, 'user234', 'd9eb9f06b885f47153be574696f7c873', 'd6dviazgzve313d2h0m7', '', '2019-07-25 14:53:22', '2019-07-25 14:53:22', 1);
INSERT INTO `user` VALUES (18077200235, 'user235', 'd1a2332d7476d20f1691b715d3aeff78', '8k1ndd36gmprhhw86hks', '', '2019-07-25 14:53:22', '2019-07-25 14:53:22', 1);
INSERT INTO `user` VALUES (18077200236, 'user236', '8c0fd667b56d344afdcaf2ddcbccec24', 'e9fazfr9ze5dhuir70jb', '', '2019-07-25 14:53:22', '2019-07-25 14:53:22', 1);
INSERT INTO `user` VALUES (18077200237, 'user237', '4c22002bef29d25a3ef0008cc5f60f5d', 'ensg0gefqqn3t9ud4ypy', '', '2019-07-25 14:53:22', '2019-07-25 14:53:22', 1);
INSERT INTO `user` VALUES (18077200238, 'user238', 'be7cc4f06b2c77963e532f9178335b4f', 'yfznghxuu6v7ry7bfgp7', '', '2019-07-25 14:53:22', '2019-07-25 14:53:22', 1);
INSERT INTO `user` VALUES (18077200239, 'user239', '653c4ea5b1ecb8de6cfab18888cd27a0', 'etu36j1bcq5h5p1j2gt8', '', '2019-07-25 14:53:22', '2019-07-25 14:53:22', 1);
INSERT INTO `user` VALUES (18077200240, 'user240', 'a31ecf05adbf7643358c1add601bc76b', 'nard5w9xwhjbj6fwjjjz', '', '2019-07-25 14:53:22', '2019-07-25 14:53:22', 1);
INSERT INTO `user` VALUES (18077200241, 'user241', 'a01f401be08ad3dde4d472e31b1aba94', 'm98j39ytzpb5b0riah7p', '', '2019-07-25 14:53:22', '2019-07-25 14:53:22', 1);
INSERT INTO `user` VALUES (18077200242, 'user242', '6557d2b2a7721c4d2625780ee51b3ebf', 'sq8wtzid9qv5eybcnqr8', '', '2019-07-25 14:53:22', '2019-07-25 14:53:22', 1);
INSERT INTO `user` VALUES (18077200243, 'user243', 'a69da4edf8a140ed4f5cb2d15b244e29', 'auhcrmu3w30g4zh2b4rn', '', '2019-07-25 14:53:22', '2019-07-25 14:53:22', 1);
INSERT INTO `user` VALUES (18077200244, 'user244', '377e968cbbd477afb06983c631628a77', 'dczfwy9bstzuk3zvcpgh', '', '2019-07-25 14:53:22', '2019-07-25 14:53:22', 1);
INSERT INTO `user` VALUES (18077200245, 'user245', '8078da446fd65e01573fdf62f1970103', '0z4ckxecjuzxtkuyt1e1', '', '2019-07-25 14:53:22', '2019-07-25 14:53:22', 1);
INSERT INTO `user` VALUES (18077200246, 'user246', 'e8ef83ce0b9f0fea6e52d1fcad6d694a', '9gkfu7zqppv12x2ftx2g', '', '2019-07-25 14:53:22', '2019-07-25 14:53:22', 1);
INSERT INTO `user` VALUES (18077200247, 'user247', '11be2e2231b2aeef5e4c2301275a634b', '10nrdkik4tub46s00vpc', '', '2019-07-25 14:53:22', '2019-07-25 14:53:22', 1);
INSERT INTO `user` VALUES (18077200248, 'user248', '54c08fe6b1c10e597da8efbe97b0ec18', '14f4b94f0khu0jz43237', '', '2019-07-25 14:53:22', '2019-07-25 14:53:22', 1);
INSERT INTO `user` VALUES (18077200249, 'user249', '22b84ae34fcd3e4cc1aa7dcc912047fe', 'fgwswd0ps0g5c9pivj3y', '', '2019-07-25 14:53:22', '2019-07-25 14:53:22', 1);
INSERT INTO `user` VALUES (18077200250, 'user250', '9f73a498c1226f1725f2f8b80f8ce26a', '9jhrhuj8vx5c0cf9ehqr', '', '2019-07-25 14:53:22', '2019-07-25 14:53:22', 1);
INSERT INTO `user` VALUES (18077200251, 'user251', 'ed952ff200c05fa6d2832a906f9657b4', '5xysv65rrqkac8mpxzc9', '', '2019-07-25 14:53:22', '2019-07-25 14:53:22', 1);
INSERT INTO `user` VALUES (18077200252, 'user252', 'ea910065d94f3cc19abb810244398de7', 'aad5s2fwqtgbwkmn6rk9', '', '2019-07-25 14:53:22', '2019-07-25 14:53:22', 1);
INSERT INTO `user` VALUES (18077200253, 'user253', '06f65e42de0a78b12ef0fafe3f59e2f6', 'wrxptzcwnung5wsdehd6', '', '2019-07-25 14:53:22', '2019-07-25 14:53:22', 1);
INSERT INTO `user` VALUES (18077200254, 'user254', '3dc23d3b423a0f8d878a2596b2df6470', '8ngwcwfs8xr0ggn0km74', '', '2019-07-25 14:53:22', '2019-07-25 14:53:22', 1);
INSERT INTO `user` VALUES (18077200255, 'user255', 'b38bb4bf106ab705c4ea8d66ae9de054', 'vthiy74uiqdc68fipk3a', '', '2019-07-25 14:53:22', '2019-07-25 14:53:22', 1);
INSERT INTO `user` VALUES (18077200256, 'user256', '74ddf27f7a5bf5146e8710fd84d46d82', '8hvyt3rv73sq5be3nd22', '', '2019-07-25 14:53:22', '2019-07-25 14:53:22', 1);
INSERT INTO `user` VALUES (18077200257, 'user257', '7b36dc6b5f452a5e2bdbda30af67234e', 'beb7b4f1eknczvse7ssi', '', '2019-07-25 14:53:22', '2019-07-25 14:53:22', 1);
INSERT INTO `user` VALUES (18077200258, 'user258', 'c6e34a0b1f1042dcf6f966844e33a053', '58mzx11kjb9uy58qygf7', '', '2019-07-25 14:53:22', '2019-07-25 14:53:22', 1);
INSERT INTO `user` VALUES (18077200259, 'user259', 'ca821bf7d4bcb1523704ba3240cb3ab7', '91vu049dfbkub31mkqah', '', '2019-07-25 14:53:22', '2019-07-25 14:53:22', 1);
INSERT INTO `user` VALUES (18077200260, 'user260', '8c3ed23c8ff89f420979cb50558eba6c', '7rnyx9yewdetya6qrddu', '', '2019-07-25 14:53:22', '2019-07-25 14:53:22', 1);
INSERT INTO `user` VALUES (18077200261, 'user261', '92e1e7bc60b3bcae8bcf27be3af204b6', '955wa0tkd2zfzn0wrs5q', '', '2019-07-25 14:53:22', '2019-07-25 14:53:22', 1);
INSERT INTO `user` VALUES (18077200262, 'user262', '6c33d5dac40169abc379547323fae1d1', '58cdi46fsjh2zwa1mp49', '', '2019-07-25 14:53:22', '2019-07-25 14:53:22', 1);
INSERT INTO `user` VALUES (18077200263, 'user263', '6e839fa4bd1f89f0e95cc2bff2310622', 's23yj6z1zzbjchycuwgu', '', '2019-07-25 14:53:22', '2019-07-25 14:53:22', 1);
INSERT INTO `user` VALUES (18077200264, 'user264', 'cb43273dc594103e8545d80cee9cfd94', 'u13srndgv0ig35s65emx', '', '2019-07-25 14:53:22', '2019-07-25 14:53:22', 1);
INSERT INTO `user` VALUES (18077200265, 'user265', '85536ef6b7e28ffb4fab0811d380f92e', '5dha2z5i53mrxp1uqsmi', '', '2019-07-25 14:53:22', '2019-07-25 14:53:22', 1);
INSERT INTO `user` VALUES (18077200266, 'user266', '4d10b38ff96df66d100e1065882f03b9', 'neada0h3xvi2b3muiy2s', '', '2019-07-25 14:53:22', '2019-07-25 14:53:22', 1);
INSERT INTO `user` VALUES (18077200267, 'user267', '8aa625cbe16de1e67afb510cf5d24afc', '7achbk6ujdzny5640hdq', '', '2019-07-25 14:53:22', '2019-07-25 14:53:22', 1);
INSERT INTO `user` VALUES (18077200268, 'user268', '102a96355da95c9590f677228660ccb6', 'an4ju5k5imbwg62bna53', '', '2019-07-25 14:53:22', '2019-07-25 14:53:22', 1);
INSERT INTO `user` VALUES (18077200269, 'user269', '8b907eebdd988876a1ff543ad807a000', 'c253jvpqxjsupgmhxhgq', '', '2019-07-25 14:53:22', '2019-07-25 14:53:22', 1);
INSERT INTO `user` VALUES (18077200270, 'user270', '5822a135a39afe034c9149b0f0458cb4', 'p6iwirex2t0ufiuk2e2q', '', '2019-07-25 14:53:22', '2019-07-25 14:53:22', 1);
INSERT INTO `user` VALUES (18077200271, 'user271', 'a292289d1438fbb3b05c269c18a6cd42', 'xt5r2ej67xvmrgtdv1qn', '', '2019-07-25 14:53:22', '2019-07-25 14:53:22', 1);
INSERT INTO `user` VALUES (18077200272, 'user272', '5c0d2d19e559447cf04733afa4b34860', 'qkxzx4gms1jhfi40h0si', '', '2019-07-25 14:53:22', '2019-07-25 14:53:22', 1);
INSERT INTO `user` VALUES (18077200273, 'user273', '550066e13f6890aa33f13865c912dadc', 'r7kmgst9pwpjn6yixrsc', '', '2019-07-25 14:53:22', '2019-07-25 14:53:22', 1);
INSERT INTO `user` VALUES (18077200274, 'user274', '6a1823895e49a62d0216a5eb84d5ecc4', '6t56f9ya81ae4pmibt1i', '', '2019-07-25 14:53:22', '2019-07-25 14:53:22', 1);
INSERT INTO `user` VALUES (18077200275, 'user275', 'e55c0bff2f0fb21508c1e9a747738bfe', 'c18wpcjsqy1d9f6iui77', '', '2019-07-25 14:53:22', '2019-07-25 14:53:22', 1);
INSERT INTO `user` VALUES (18077200276, 'user276', '4311bd0b99aeb52f97f2f1604d153564', 'ff9dw70wzw4rsb2vnh7e', '', '2019-07-25 14:53:22', '2019-07-25 14:53:22', 1);
INSERT INTO `user` VALUES (18077200277, 'user277', '928ae90715f791808b799ac42c050d55', 'ee6dn6gj2y9q1bs85qju', '', '2019-07-25 14:53:22', '2019-07-25 14:53:22', 1);
INSERT INTO `user` VALUES (18077200278, 'user278', '702f7995e692426f5004c60fca249597', 'dvp42fpj10w8heebfqzs', '', '2019-07-25 14:53:22', '2019-07-25 14:53:22', 1);
INSERT INTO `user` VALUES (18077200279, 'user279', '75ca1dca0ca2191da36f6fa58d4e9650', '43t3wepgkzzbvb8eeru6', '', '2019-07-25 14:53:22', '2019-07-25 14:53:22', 1);
INSERT INTO `user` VALUES (18077200280, 'user280', '99e342752e0825d268ef87dc0d89fae7', 'e7uh9z9gizt7f64025we', '', '2019-07-25 14:53:22', '2019-07-25 14:53:22', 1);
INSERT INTO `user` VALUES (18077200281, 'user281', 'f045959d01030d64ae45b0442f04415f', 'ht0hjbawryjdy6zgfk47', '', '2019-07-25 14:53:22', '2019-07-25 14:53:22', 1);
INSERT INTO `user` VALUES (18077200282, 'user282', '42ff4aa8bd42c19de8180ab04a07fa31', '0ii9hsdrm3g3bus0911b', '', '2019-07-25 14:53:22', '2019-07-25 14:53:22', 1);
INSERT INTO `user` VALUES (18077200283, 'user283', '7350781422caa3f94b82dea97f2534d0', 'm5da8c95n5ye8jy75p15', '', '2019-07-25 14:53:22', '2019-07-25 14:53:22', 1);
INSERT INTO `user` VALUES (18077200284, 'user284', '8dda4ad8d11666dcc238454c4fc35353', 'a9rm5np02mnjcjz6tbnx', '', '2019-07-25 14:53:22', '2019-07-25 14:53:22', 1);
INSERT INTO `user` VALUES (18077200285, 'user285', 'e00b8466ca3310ddf644dfc4a3bf4475', '8xr385pph3daw4i2qzx2', '', '2019-07-25 14:53:22', '2019-07-25 14:53:22', 1);
INSERT INTO `user` VALUES (18077200286, 'user286', 'afbe251b497d00525b085e5b0bba2702', 'u2u8u8jm80vky67yrefe', '', '2019-07-25 14:53:22', '2019-07-25 14:53:22', 1);
INSERT INTO `user` VALUES (18077200287, 'user287', '269e73894b4c04d994f8e2ebf0a077d4', '01dv922yk5tci1ees8ba', '', '2019-07-25 14:53:22', '2019-07-25 14:53:22', 1);
INSERT INTO `user` VALUES (18077200288, 'user288', 'cb882531bcdae69f62ebc36598f13b48', 'qtzyvjwedi0eu5ync8iq', '', '2019-07-25 14:53:22', '2019-07-25 14:53:22', 1);
INSERT INTO `user` VALUES (18077200289, 'user289', '75bf2c5547060d87a8c4431f17442308', 'nxezw88a3p8gnki808ia', '', '2019-07-25 14:53:22', '2019-07-25 14:53:22', 1);
INSERT INTO `user` VALUES (18077200290, 'user290', 'fa2b8ec7237c5421caf492f44d36e30e', 'rc46vm1jtfmudi1dd2i5', '', '2019-07-25 14:53:22', '2019-07-25 14:53:22', 1);
INSERT INTO `user` VALUES (18077200291, 'user291', 'b2daf6b6ba82872631799cb3372173d9', 'swuxwmtj1qhnfrn7dbfm', '', '2019-07-25 14:53:22', '2019-07-25 14:53:22', 1);
INSERT INTO `user` VALUES (18077200292, 'user292', 'fee8b632a83c00f243977c3c2816a8d3', '8gnjauj5c697ufs9nj0v', '', '2019-07-25 14:53:22', '2019-07-25 14:53:22', 1);
INSERT INTO `user` VALUES (18077200293, 'user293', 'efd9074e0a082b6da37e5aaa6974dfc0', 'ykm9gyfxmbnccf6skvt2', '', '2019-07-25 14:53:22', '2019-07-25 14:53:22', 1);
INSERT INTO `user` VALUES (18077200294, 'user294', 'cbbb665fba83f4e0de09c62a4eb19372', 'jswjbz1bg7dgvvbyr78s', '', '2019-07-25 14:53:22', '2019-07-25 14:53:22', 1);
INSERT INTO `user` VALUES (18077200295, 'user295', '0ec00b33bb9f05adbd7a7b8140ef93de', 'fixd5k134mb1rn7f5xs1', '', '2019-07-25 14:53:22', '2019-07-25 14:53:22', 1);
INSERT INTO `user` VALUES (18077200296, 'user296', '4191d3e391b74ba666b987efbcc5b1a2', 'fenua1unvqb03khax0d6', '', '2019-07-25 14:53:22', '2019-07-25 14:53:22', 1);
INSERT INTO `user` VALUES (18077200297, 'user297', 'acd7b40b613e8b7936eebc253db5564d', 'a45vq2sidia2qctk52p5', '', '2019-07-25 14:53:22', '2019-07-25 14:53:22', 1);
INSERT INTO `user` VALUES (18077200298, 'user298', 'eee30f9942076f5d773fcc3d60b5570f', '9uvwn9nkb69fwe4gbz3m', '', '2019-07-25 14:53:22', '2019-07-25 14:53:22', 1);
INSERT INTO `user` VALUES (18077200299, 'user299', 'dfea4760a020afc09e83f76b27c8bed4', 'nabb0mdnrxnefeekkmw6', '', '2019-07-25 14:53:22', '2019-07-25 14:53:22', 1);
INSERT INTO `user` VALUES (18077200300, 'user300', 'bffe52bd30f5538d4ee0e5a8323fb4bd', 'zpx1ah467sgn2ffdwzhy', '', '2019-07-25 14:53:22', '2019-07-25 14:53:22', 1);
INSERT INTO `user` VALUES (18077200301, 'user301', '9094579e01c1f08cd7e6b70f0fbf39aa', '65rbpjn1w2qupw1isq2c', '', '2019-07-25 14:53:22', '2019-07-25 14:53:22', 1);
INSERT INTO `user` VALUES (18077200302, 'user302', '4a88068510540053d731034b92b9a149', '3zzunvu3g5vutpd7meqs', '', '2019-07-25 14:53:22', '2019-07-25 14:53:22', 1);
INSERT INTO `user` VALUES (18077200303, 'user303', 'b9a842bdf8283fc4ecdcaa055ced93ef', 'ivh6q0ktcxcj29q2fz9f', '', '2019-07-25 14:53:22', '2019-07-25 14:53:22', 1);
INSERT INTO `user` VALUES (18077200304, 'user304', '24a76a8f54dc285b1dd1e8564995d64a', 'fxygy57wgf71ishmk2jc', '', '2019-07-25 14:53:22', '2019-07-25 14:53:22', 1);
INSERT INTO `user` VALUES (18077200305, 'user305', 'f8b3fb15646128924ab0a572e2da1344', 'dqpdknyj3005jmmm71i5', '', '2019-07-25 14:53:22', '2019-07-25 14:53:22', 1);
INSERT INTO `user` VALUES (18077200306, 'user306', '906098f8a98b908e1ea000e6feed011c', 'dt45z50tup795zr23ba3', '', '2019-07-25 14:53:22', '2019-07-25 14:53:22', 1);
INSERT INTO `user` VALUES (18077200307, 'user307', '0d383d13c71d2642007119aaa53eed14', '3supxjyp7fszv191ct95', '', '2019-07-25 14:53:22', '2019-07-25 14:53:22', 1);
INSERT INTO `user` VALUES (18077200308, 'user308', '9533ae1623906b0f9b9ab8986864fc1c', '6j76pmiwd76mguva6x1v', '', '2019-07-25 14:53:22', '2019-07-25 14:53:22', 1);
INSERT INTO `user` VALUES (18077200309, 'user309', '073150b098d277b997d26bc63ca6f24a', 's5dpmvw551mks1px7hsg', '', '2019-07-25 14:53:22', '2019-07-25 14:53:22', 1);
INSERT INTO `user` VALUES (18077200310, 'user310', '8c58e04a165e6b804838cc77f6d1fa44', 'yxg0f0ct1xdn89rjthc9', '', '2019-07-25 14:53:22', '2019-07-25 14:53:22', 1);
INSERT INTO `user` VALUES (18077200311, 'user311', '7f80bc9200a70a9668ab3e85830d7891', 'kfiy5ft15vhjscmp8pkx', '', '2019-07-25 14:53:22', '2019-07-25 14:53:22', 1);
INSERT INTO `user` VALUES (18077200312, 'user312', '4cee8741866f17d325209e15c633b26c', '25ipp3mf15c52z8xpy4c', '', '2019-07-25 14:53:22', '2019-07-25 14:53:22', 1);
INSERT INTO `user` VALUES (18077200313, 'user313', 'cc25fcb794311309a6043abeb1a2a1fb', '4p5m31p3d1kjm3mj6ig3', '', '2019-07-25 14:53:22', '2019-07-25 14:53:22', 1);
INSERT INTO `user` VALUES (18077200314, 'user314', '97afbe3602af0d4f537c675ad9ce28e8', '696nz4vw1zimnggcusta', '', '2019-07-25 14:53:22', '2019-07-25 14:53:22', 1);
INSERT INTO `user` VALUES (18077200315, 'user315', '3a2c3f9f4e85b95250fc3ab2bc4c1b52', 'catt02ia02pw3w97ux0q', '', '2019-07-25 14:53:22', '2019-07-25 14:53:22', 1);
INSERT INTO `user` VALUES (18077200316, 'user316', 'c86af1a6e5f4209c598666c5326b6cfa', 'b9qhgb9sr4xf1v8hy05n', '', '2019-07-25 14:53:22', '2019-07-25 14:53:22', 1);
INSERT INTO `user` VALUES (18077200317, 'user317', 'dd7bc4008e3fc604b759286b7cf5bb1c', 'unz6mr4xqg6r1269s8s6', '', '2019-07-25 14:53:22', '2019-07-25 14:53:22', 1);
INSERT INTO `user` VALUES (18077200318, 'user318', '78955bc72b611719eb567ce1f0c1ffa9', 'i6veqihx4aqx7jf45e0w', '', '2019-07-25 14:53:22', '2019-07-25 14:53:22', 1);
INSERT INTO `user` VALUES (18077200319, 'user319', '89e0fdd2d8ab9c489342502ae3070766', 'm6a0dryqxbuk6gbwmajr', '', '2019-07-25 14:53:22', '2019-07-25 14:53:22', 1);
INSERT INTO `user` VALUES (18077200320, 'user320', '1a86375e5cdfcc9ebe5e21c11f0bd67f', 'dewyzhdjt8vzm7b23dna', '', '2019-07-25 14:53:22', '2019-07-25 14:53:22', 1);
INSERT INTO `user` VALUES (18077200321, 'user321', '374e5bb5481b7d9b79c9c7762368d57d', 'f2vjrnigz2774rhbbwpn', '', '2019-07-25 14:53:22', '2019-07-25 14:53:22', 1);
INSERT INTO `user` VALUES (18077200322, 'user322', 'a67c0c9c1c2d7cdc9a814effe7504504', 'i3t5kwg57vie4qcucfr5', '', '2019-07-25 14:53:22', '2019-07-25 14:53:22', 1);
INSERT INTO `user` VALUES (18077200323, 'user323', 'ead50b8c6ab58e39bc4b1531a00da7db', 'yp4qm6212rfw6nzz2msy', '', '2019-07-25 14:53:22', '2019-07-25 14:53:22', 1);
INSERT INTO `user` VALUES (18077200324, 'user324', '94de7f2420c50808a3471e80664c0e00', '2xt6a8pqa2evkh6b6qwu', '', '2019-07-25 14:53:22', '2019-07-25 14:53:22', 1);
INSERT INTO `user` VALUES (18077200325, 'user325', '5ddc315194ef33b2cace932ecda8a4d6', '28nbit5q4eapytb1t5q9', '', '2019-07-25 14:53:22', '2019-07-25 14:53:22', 1);
INSERT INTO `user` VALUES (18077200326, 'user326', 'e4ec6f2e106675b4726a2fdcf17918b5', 'fn8s1nv3q9crb69089a1', '', '2019-07-25 14:53:22', '2019-07-25 14:53:22', 1);
INSERT INTO `user` VALUES (18077200327, 'user327', '7d2219e2f188922df227f1e766a8bc91', 'zjxwgyj4kqa3z6jzxz5j', '', '2019-07-25 14:53:22', '2019-07-25 14:53:22', 1);
INSERT INTO `user` VALUES (18077200328, 'user328', '224c46f0268aedb9956c7f41f06a47e6', 'f9kwyzhxad0ehh16qvpg', '', '2019-07-25 14:53:22', '2019-07-25 14:53:22', 1);
INSERT INTO `user` VALUES (18077200329, 'user329', '546289b70563413f53ecb7dc4e1aa99c', 'zwh7dbfb07702xu77vib', '', '2019-07-25 14:53:22', '2019-07-25 14:53:22', 1);
INSERT INTO `user` VALUES (18077200330, 'user330', '74cd4874dc8e53adfbeb76147c98ee34', 'djiw28qexguv6ge7iz5u', '', '2019-07-25 14:53:22', '2019-07-25 14:53:22', 1);
INSERT INTO `user` VALUES (18077200331, 'user331', '28bda7aecea6c5f8364f4b6f9de1a8c1', '03uejhw3641y2iakfh86', '', '2019-07-25 14:53:22', '2019-07-25 14:53:22', 1);
INSERT INTO `user` VALUES (18077200332, 'user332', '72d5b2383ca5bccff81da61ffec5e171', 'dm1cqkwj8khtj4zmcz4b', '', '2019-07-25 14:53:22', '2019-07-25 14:53:22', 1);
INSERT INTO `user` VALUES (18077200333, 'user333', '51036f4e28323ab37b7dadcdf8aee2d3', 'ppbt7yuxiqa2pmsnjkvg', '', '2019-07-25 14:53:22', '2019-07-25 14:53:22', 1);
INSERT INTO `user` VALUES (18077200334, 'user334', 'd1d6a7658b97be26d94e2b60f4aaa414', 'r4mwsachgu2n6awj2f1y', '', '2019-07-25 14:53:22', '2019-07-25 14:53:22', 1);
INSERT INTO `user` VALUES (18077200335, 'user335', '459c61a24d2ad4702293a22e40b69dfa', 'prbpvcec92thzt9k78gt', '', '2019-07-25 14:53:22', '2019-07-25 14:53:22', 1);
INSERT INTO `user` VALUES (18077200336, 'user336', '5eea53a09e596fcbc2c63e13ba8453eb', 'x83tydhc4p8rh8av6kep', '', '2019-07-25 14:53:22', '2019-07-25 14:53:22', 1);
INSERT INTO `user` VALUES (18077200337, 'user337', '97b6049b48b076724778e466fcd0e6d9', '4s81guuvmbwcm0pkxgf9', '', '2019-07-25 14:53:22', '2019-07-25 14:53:22', 1);
INSERT INTO `user` VALUES (18077200338, 'user338', '3aa71a8beae91f04ec6990ce75b2eaec', 'iucd7v7sv9205rq9vnt6', '', '2019-07-25 14:53:22', '2019-07-25 14:53:22', 1);
INSERT INTO `user` VALUES (18077200339, 'user339', '166fc47c6da402283da84bdad710d06b', 'wnntbqeq5x9hp08ym0ki', '', '2019-07-25 14:53:22', '2019-07-25 14:53:22', 1);
INSERT INTO `user` VALUES (18077200340, 'user340', 'ccd2923f75c126b4cc17e5b4d5bbd5a5', 'ia98rf70npzfzc44wqp4', '', '2019-07-25 14:53:22', '2019-07-25 14:53:22', 1);
INSERT INTO `user` VALUES (18077200341, 'user341', '6f66a95afb40101b7f8e577a126eb202', 'xr6kye2t8xi97msm364q', '', '2019-07-25 14:53:22', '2019-07-25 14:53:22', 1);
INSERT INTO `user` VALUES (18077200342, 'user342', '26a5c0ea68da854dbaa25a3a2393bfc7', '4m9v15smrz6d0rk5rwc5', '', '2019-07-25 14:53:22', '2019-07-25 14:53:22', 1);
INSERT INTO `user` VALUES (18077200343, 'user343', '35a3855551007645b0c995af6fa5f517', 'g6qv4dm494azcfg628qb', '', '2019-07-25 14:53:22', '2019-07-25 14:53:22', 1);
INSERT INTO `user` VALUES (18077200344, 'user344', '8845b45f237cc5f177edced18affc155', 'n7am7y15u22tbuknjcnk', '', '2019-07-25 14:53:22', '2019-07-25 14:53:22', 1);
INSERT INTO `user` VALUES (18077200345, 'user345', '04bf49ff1a5b7911e4849a97ed737b4d', '6yvk18xtc9y6sd30j6zi', '', '2019-07-25 14:53:22', '2019-07-25 14:53:22', 1);
INSERT INTO `user` VALUES (18077200346, 'user346', 'b6cd5a1fa13e0b901e1559458e5fddcf', '2gndczdr5qfp9mbvrme4', '', '2019-07-25 14:53:22', '2019-07-25 14:53:22', 1);
INSERT INTO `user` VALUES (18077200347, 'user347', '896f2adc51c9c338638e766b7f3c03b2', 'zt6uu61g0va3v23hdmiy', '', '2019-07-25 14:53:22', '2019-07-25 14:53:22', 1);
INSERT INTO `user` VALUES (18077200348, 'user348', '2c90c0427012cd9d472baacfe1a4e098', 'u2grr02u788ibrpumcdi', '', '2019-07-25 14:53:22', '2019-07-25 14:53:22', 1);
INSERT INTO `user` VALUES (18077200349, 'user349', '397624e5efb50a459cbc5b1bd2f8e624', '0es3n28bd65uzgim5hwc', '', '2019-07-25 14:53:22', '2019-07-25 14:53:22', 1);
INSERT INTO `user` VALUES (18077200350, 'user350', '0daa6725930931242ecee1f44fff7368', '8k1n7avgvtvpbew2wi8c', '', '2019-07-25 14:53:22', '2019-07-25 14:53:22', 1);
INSERT INTO `user` VALUES (18077200351, 'user351', '05c0b14a820e7d85e24d64c84eb495ff', 'jm27uaapk28mczyuxtbh', '', '2019-07-25 14:53:22', '2019-07-25 14:53:22', 1);
INSERT INTO `user` VALUES (18077200352, 'user352', '930f663020fda91748fff490ec3d92d9', '3n61q9vxt3qnkkqd1jak', '', '2019-07-25 14:53:22', '2019-07-25 14:53:22', 1);
INSERT INTO `user` VALUES (18077200353, 'user353', '6e60f31bfa32f649d02644118121cf63', '67yjdz0g3fytvc3r73y2', '', '2019-07-25 14:53:22', '2019-07-25 14:53:22', 1);
INSERT INTO `user` VALUES (18077200354, 'user354', '4734fb9de1eb6dc268e09b24e2d2475b', '2mewfwvgj4z2r833gqvh', '', '2019-07-25 14:53:22', '2019-07-25 14:53:22', 1);
INSERT INTO `user` VALUES (18077200355, 'user355', '3a5824ed16b09018a42c5c0a9b7c7ebc', 'ubp9grvucw2yxpy4xzp3', '', '2019-07-25 14:53:22', '2019-07-25 14:53:22', 1);
INSERT INTO `user` VALUES (18077200356, 'user356', 'e0005ba741b3b37c20601a6003bb829b', 'ss73j00v5yd19vtzgakg', '', '2019-07-25 14:53:22', '2019-07-25 14:53:22', 1);
INSERT INTO `user` VALUES (18077200357, 'user357', '98a9ba491ea39abf083070ddab6b1b2b', '91dymszf1a0q3zq5s6x1', '', '2019-07-25 14:53:22', '2019-07-25 14:53:22', 1);
INSERT INTO `user` VALUES (18077200358, 'user358', '79288be05980005fef87d9a4afbdb292', 'ssa7b9hyvx2cxkpesze6', '', '2019-07-25 14:53:22', '2019-07-25 14:53:22', 1);
INSERT INTO `user` VALUES (18077200359, 'user359', '8ec7c73307bac42b754339034375113c', '521kz095ev5pgbegibgg', '', '2019-07-25 14:53:22', '2019-07-25 14:53:22', 1);
INSERT INTO `user` VALUES (18077200360, 'user360', '3853b2414acd6d96225a211ffc1054e9', '4mjqnidm0153q2q9megs', '', '2019-07-25 14:53:22', '2019-07-25 14:53:22', 1);
INSERT INTO `user` VALUES (18077200361, 'user361', '3581c90ef361674a62d4062ef2be7ce7', 'msaurxk3fq2cvskw7p8t', '', '2019-07-25 14:53:22', '2019-07-25 14:53:22', 1);
INSERT INTO `user` VALUES (18077200362, 'user362', '87ee8d46802d3417df9de77c661891b1', 'c9pv2xgpemk0utphw6pi', '', '2019-07-25 14:53:22', '2019-07-25 14:53:22', 1);
INSERT INTO `user` VALUES (18077200363, 'user363', '96b98e0c339610fcbf5f050fe8ab6935', 'w19zp0w497yey0i7eq8s', '', '2019-07-25 14:53:22', '2019-07-25 14:53:22', 1);
INSERT INTO `user` VALUES (18077200364, 'user364', '22db11195060e8a5f4b68b2a1c8f94fa', 'qzs3qyd60mprxfirxahd', '', '2019-07-25 14:53:22', '2019-07-25 14:53:22', 1);
INSERT INTO `user` VALUES (18077200365, 'user365', '59f19d510389df20becf39cb8ab61d98', 'a4kk4c7hfb9s7954u1ic', '', '2019-07-25 14:53:22', '2019-07-25 14:53:22', 1);
INSERT INTO `user` VALUES (18077200366, 'user366', '37292cebbc637ee36d74cae895b05cb5', '6nb5jr9x17rwm8g2xmwh', '', '2019-07-25 14:53:22', '2019-07-25 14:53:22', 1);
INSERT INTO `user` VALUES (18077200367, 'user367', 'a2fc6656b0516c2a4363de31fbd9a1a4', 'jr25zsx51nnphbmz03ti', '', '2019-07-25 14:53:22', '2019-07-25 14:53:22', 1);
INSERT INTO `user` VALUES (18077200368, 'user368', 'b448c69b6043e64f635a8bd6b2c734dd', '4cccmcy1nyfj4xfqjpt9', '', '2019-07-25 14:53:22', '2019-07-25 14:53:22', 1);
INSERT INTO `user` VALUES (18077200369, 'user369', 'd8b1ef551ffbfeec71909e74d1ef99d5', 'incuctx04evjju6s8p7g', '', '2019-07-25 14:53:22', '2019-07-25 14:53:22', 1);
INSERT INTO `user` VALUES (18077200370, 'user370', 'de5d4d9ef31b48735925f2e3910f4f7d', 'vkam4j31chpxzda22s3f', '', '2019-07-25 14:53:22', '2019-07-25 14:53:22', 1);
INSERT INTO `user` VALUES (18077200371, 'user371', 'ce8f3576a6cfd48c1eccb9754cd323d2', 's9sd0srjs74t5rvavjrr', '', '2019-07-25 14:53:22', '2019-07-25 14:53:22', 1);
INSERT INTO `user` VALUES (18077200372, 'user372', 'ac12eaf00d0c9e467c110684657ca070', '5scz3maq2dxr06djmagk', '', '2019-07-25 14:53:22', '2019-07-25 14:53:22', 1);
INSERT INTO `user` VALUES (18077200373, 'user373', 'f540e8a623af3d52cba5b3242e688d6a', '5vrhuf22g1gr42w2qeud', '', '2019-07-25 14:53:22', '2019-07-25 14:53:22', 1);
INSERT INTO `user` VALUES (18077200374, 'user374', '27b1d83cebc9632a29478e0e84cbdda2', 'v6xhi4yr6pwvsix65t5r', '', '2019-07-25 14:53:22', '2019-07-25 14:53:22', 1);
INSERT INTO `user` VALUES (18077200375, 'user375', 'c264a34c425066390b1e16ebcafb31b7', 'nhm2s2s5mjkt7d8ybkev', '', '2019-07-25 14:53:22', '2019-07-25 14:53:22', 1);
INSERT INTO `user` VALUES (18077200376, 'user376', '3c42ecdcab6f3a300e073d622f52c08c', '9mz4ffsrcdumvg65pcth', '', '2019-07-25 14:53:22', '2019-07-25 14:53:22', 1);
INSERT INTO `user` VALUES (18077200377, 'user377', 'd99d230e2be72966cd145f269b9b194b', 'uzkcdkr3jeyp7x7xxw49', '', '2019-07-25 14:53:22', '2019-07-25 14:53:22', 1);
INSERT INTO `user` VALUES (18077200378, 'user378', '38eebf3b1e6fbbddfe30eac76b74eecf', 'jwq9iwapnytumd4r7bpr', '', '2019-07-25 14:53:22', '2019-07-25 14:53:22', 1);
INSERT INTO `user` VALUES (18077200379, 'user379', '7eb0c32fe51eb2e700b9ea36ab5c3d00', 's0jec70v3yc0d1krx9c8', '', '2019-07-25 14:53:22', '2019-07-25 14:53:22', 1);
INSERT INTO `user` VALUES (18077200380, 'user380', '012cbd2336eeb6607bc8830fb3c0996a', '28thnk9uj0aaqz6rs5n3', '', '2019-07-25 14:53:22', '2019-07-25 14:53:22', 1);
INSERT INTO `user` VALUES (18077200381, 'user381', 'e72cbcf4b5a6ad545c54d790f1aea595', '1si8zpihpswcd6g0geps', '', '2019-07-25 14:53:22', '2019-07-25 14:53:22', 1);
INSERT INTO `user` VALUES (18077200382, 'user382', 'b1cff9cb3a5261ab2b3b7befbdaae613', 'zer3irszsszwtumffduu4u31e1s64feitq9ess4m', '', '2019-07-25 14:53:22', '2019-07-25 14:53:22', 1);
INSERT INTO `user` VALUES (18077200383, 'user383', 'abfd775c9573e275bd8ff58c677ee934', '57n15qwvb1d5em75ytrg', '', '2019-07-25 14:53:22', '2019-07-25 14:53:22', 1);
INSERT INTO `user` VALUES (18077200384, 'user384', 'f18c9cc8ca6746a0bae56b5e67cf5ba4', 'xp2f1vrv113x646iev5p', '', '2019-07-25 14:53:22', '2019-07-25 14:53:22', 1);
INSERT INTO `user` VALUES (18077200385, 'user385', '2ce6b822f59207905abd75ab766bb9a0', 'hg96f6pcgerauj4438dh', '', '2019-07-25 14:53:22', '2019-07-25 14:53:22', 1);
INSERT INTO `user` VALUES (18077200386, 'user386', 'f579b5c6f2778ba59bd3ce1e67037238', 'fb12dc5nyr7f78gjce40', '', '2019-07-25 14:53:22', '2019-07-25 14:53:22', 1);
INSERT INTO `user` VALUES (18077200387, 'user387', '24bebee871c8f8bc5ba6fc14caa461f7', 'puu4s0wh99nr1rvz6xw8', '', '2019-07-25 14:53:22', '2019-07-25 14:53:22', 1);
INSERT INTO `user` VALUES (18077200388, 'user388', '73e8914b9b996642cb55147c78ddbca3', 'kcn07b8rtwhmchde950j', '', '2019-07-25 14:53:22', '2019-07-25 14:53:22', 1);
INSERT INTO `user` VALUES (18077200389, 'user389', '8bfd0d97a7ab458aa5bff9f4e23e7079', 'wxf9f2hepqcwhn6fmf1t', '', '2019-07-25 14:53:22', '2019-07-25 14:53:22', 1);
INSERT INTO `user` VALUES (18077200390, 'user390', '9e71a72898e9f8936fbc969b6290ce2b', '955zh8z88gtn0nkywjp3', '', '2019-07-25 14:53:22', '2019-07-25 14:53:22', 1);
INSERT INTO `user` VALUES (18077200391, 'user391', '56a1705abd96fbf22500a0968082fee1', 'cbu95kg4mgc1ps8ipzi6', '', '2019-07-25 14:53:22', '2019-07-25 14:53:22', 1);
INSERT INTO `user` VALUES (18077200392, 'user392', 'c2d79a21ba07ab1a3a6696dba4b717fd', 'epbfe0hqhawt50fbf73c', '', '2019-07-25 14:53:22', '2019-07-25 14:53:22', 1);
INSERT INTO `user` VALUES (18077200393, 'user393', '9bc41ffda582d43ddcb783392ce42278', 'ewm88s28p0s6m0i9b78v', '', '2019-07-25 14:53:22', '2019-07-25 14:53:22', 1);
INSERT INTO `user` VALUES (18077200394, 'user394', 'e2069fe2df4953a5f2231ce1d28b27d1', 'h0kyc6ngpw2hn31pfsez', '', '2019-07-25 14:53:22', '2019-07-25 14:53:22', 1);
INSERT INTO `user` VALUES (18077200395, 'user395', 'c78a0b735e72d78acc5a9eacbd5e5685', 'girbbkt8e6h7dyvitev6', '', '2019-07-25 14:53:22', '2019-07-25 14:53:22', 1);
INSERT INTO `user` VALUES (18077200396, 'user396', 'bc8de27f966ffb60a6adf9df4c4c475c', 'wbzhy229kw9g6yt5pek6', '', '2019-07-25 14:53:22', '2019-07-25 14:53:22', 1);
INSERT INTO `user` VALUES (18077200397, 'user397', '455dc9e887cbedefa712ad301dee3246', '9yd3a9u8t4ka53eyq0wf', '', '2019-07-25 14:53:22', '2019-07-25 14:53:22', 1);
INSERT INTO `user` VALUES (18077200398, 'user398', '965531d6f6156856983357621d8f91bf', '9hasf8rmn6pbbcuyxfy3', '', '2019-07-25 14:53:22', '2019-07-25 14:53:22', 1);
INSERT INTO `user` VALUES (18077200399, 'user399', '47edbdc8c1cd08b61ae5a3e5651aceb1', 'v2ttkrct81h04pfia267', '', '2019-07-25 14:53:22', '2019-07-25 14:53:22', 1);
INSERT INTO `user` VALUES (18077200400, 'user400', '6fd5ac357d8e6f51b64d599465b00221', 'fuwjiiny9n5xc569bjzx', '', '2019-07-25 14:53:22', '2019-07-25 14:53:22', 1);
INSERT INTO `user` VALUES (18077200401, 'user401', 'b1f542727f65b41acf565540a32d58a9', 'xhgu4ezbrg4b2x2uamuy', '', '2019-07-25 14:53:22', '2019-07-25 14:53:22', 1);
INSERT INTO `user` VALUES (18077200402, 'user402', '96bbc39d0cd3d34c9e5ec1aa6f6de7da', '286qiy1wwvrf1tdetf59', '', '2019-07-25 14:53:22', '2019-07-25 14:53:22', 1);
INSERT INTO `user` VALUES (18077200403, 'user403', '4c24341a2863a4d8f8b4b64bf50ced82', '4mzvau4qgati1pgbtpbv', '', '2019-07-25 14:53:22', '2019-07-25 14:53:22', 1);
INSERT INTO `user` VALUES (18077200404, 'user404', 'd28e2d678bdb825bc9f43811e2ea6bb2', 'cxqn8njww55n8nn8y3jb', '', '2019-07-25 14:53:22', '2019-07-25 14:53:22', 1);
INSERT INTO `user` VALUES (18077200405, 'user405', '66dfd7225deebba995e93624f0c7b5b2', '84bqtu0g633tr93wunp8', '', '2019-07-25 14:53:22', '2019-07-25 14:53:22', 1);
INSERT INTO `user` VALUES (18077200406, 'user406', 'a7243cb85ef18cc207c4d8db1e6031e1', '5p3c85w33fak3ibauyiw', '', '2019-07-25 14:53:22', '2019-07-25 14:53:22', 1);
INSERT INTO `user` VALUES (18077200407, 'user407', '77942ca8084e18095a2246e9e2113ba4', '2zgfduxx5jx6dmgx0818', '', '2019-07-25 14:53:22', '2019-07-25 14:53:22', 1);
INSERT INTO `user` VALUES (18077200408, 'user408', '25e7fb6b9eda1c72eb832d215387c7dd', 'rj6hmm64hfnv7r3puvbe', '', '2019-07-25 14:53:22', '2019-07-25 14:53:22', 1);
INSERT INTO `user` VALUES (18077200409, 'user409', '62cd10d83204e4fd9127f0f57b450e43', 'w6fg1hu9vrqrypgx2t2v', '', '2019-07-25 14:53:22', '2019-07-25 14:53:22', 1);
INSERT INTO `user` VALUES (18077200410, 'user410', 'f11a069c79d89257ecced05908bd6898', 'qn7u4aivsjnt61q6dqfe', '', '2019-07-25 14:53:22', '2019-07-25 14:53:22', 1);
INSERT INTO `user` VALUES (18077200411, 'user411', 'a104774a4e63073ff3053c454253a75a', '1y9arh081vqzjynha224', '', '2019-07-25 14:53:22', '2019-07-25 14:53:22', 1);
INSERT INTO `user` VALUES (18077200412, 'user412', '5fe0dfe7c7a07fa80014bfd7bb3b8acd', 'gd34aqh2sugr1tttns3r', '', '2019-07-25 14:53:22', '2019-07-25 14:53:22', 1);
INSERT INTO `user` VALUES (18077200413, 'user413', '05d9001976b616fc4df2e7a8cdd66a04', '10iwby2y9as95abee0zg', '', '2019-07-25 14:53:22', '2019-07-25 14:53:22', 1);
INSERT INTO `user` VALUES (18077200414, 'user414', '580ae01da859f8fb82abecadd7be67dc', 'h2g78c87aenzkqh7na25', '', '2019-07-25 14:53:22', '2019-07-25 14:53:22', 1);
INSERT INTO `user` VALUES (18077200415, 'user415', 'a18ed9cbc2806a6babb73b2901c45307', '0ymrshxdwswj9svu0rrq', '', '2019-07-25 14:53:22', '2019-07-25 14:53:22', 1);
INSERT INTO `user` VALUES (18077200416, 'user416', '11d65be2540d5d09eeba63c5abc8492b', 'cifbbxtq381jw90w098v', '', '2019-07-25 14:53:22', '2019-07-25 14:53:22', 1);
INSERT INTO `user` VALUES (18077200417, 'user417', '6aa0c89cb89b844cdd85a38616f06c9b', '39abipswev06qeszfkj5', '', '2019-07-25 14:53:22', '2019-07-25 14:53:22', 1);
INSERT INTO `user` VALUES (18077200418, 'user418', '0bd744c356b0ab92859cdb5da9d0236e', 'qss09uedk354ezcbstaj', '', '2019-07-25 14:53:22', '2019-07-25 14:53:22', 1);
INSERT INTO `user` VALUES (18077200419, 'user419', '39bc2abc5a161785f2f88c892363933e', '3srhsniyavqc78w3t0c1', '', '2019-07-25 14:53:22', '2019-07-25 14:53:22', 1);
INSERT INTO `user` VALUES (18077200420, 'user420', '378e0240a16c169a961ff8911acd2413', 'b2wvyraf75pkv5quaqan', '', '2019-07-25 14:53:22', '2019-07-25 14:53:22', 1);
INSERT INTO `user` VALUES (18077200421, 'user421', 'b3908c496322190af2791fd9c58e4baa', 'jn6qyc9zhgnmjh43jnxy', '', '2019-07-25 14:53:22', '2019-07-25 14:53:22', 1);
INSERT INTO `user` VALUES (18077200422, 'user422', 'dd7cf70b496b4231bf22fe399cc73182', '954pjv0c6s9g5kf1njpw', '', '2019-07-25 14:53:22', '2019-07-25 14:53:22', 1);
INSERT INTO `user` VALUES (18077200423, 'user423', '543253d3a64786816c2962de5c26ff3e', 'xr9fsyyizv3u0ubhk09y', '', '2019-07-25 14:53:22', '2019-07-25 14:53:22', 1);
INSERT INTO `user` VALUES (18077200424, 'user424', '6f757f2b5c5cdf5e9cd35e5d27c912a0', 'imspu371yt4pqmni73xy', '', '2019-07-25 14:53:22', '2019-07-25 14:53:22', 1);
INSERT INTO `user` VALUES (18077200425, 'user425', '42a0107c0796bdf57799706ef58bb628', 'uxf06w2jp6ghc23hwb94', '', '2019-07-25 14:53:22', '2019-07-25 14:53:22', 1);
INSERT INTO `user` VALUES (18077200426, 'user426', '685ade519774e3d09acf9237b315ba30', 'cxf9hgihb9d9x5tip92s', '', '2019-07-25 14:53:22', '2019-07-25 14:53:22', 1);
INSERT INTO `user` VALUES (18077200427, 'user427', '89883b28d193d4b79ed7dd3a4eb5fc7f', 'ian5x52m4br6k7h1u1ej', '', '2019-07-25 14:53:22', '2019-07-25 14:53:22', 1);
INSERT INTO `user` VALUES (18077200428, 'user428', '8f548d193207b37d348f1bbce7706d57', 's5v2t551mhxw89xyu9js', '', '2019-07-25 14:53:22', '2019-07-25 14:53:22', 1);
INSERT INTO `user` VALUES (18077200429, 'user429', '34405d58155a6a4f741349ebd810a640', 'n8rvz8gr03rq7f6eixaf', '', '2019-07-25 14:53:22', '2019-07-25 14:53:22', 1);
INSERT INTO `user` VALUES (18077200430, 'user430', '29cefcdd685d599d7148725e216573b4', 'g0zbc80q5xtp5kpz7yxe', '', '2019-07-25 14:53:22', '2019-07-25 14:53:22', 1);
INSERT INTO `user` VALUES (18077200431, 'user431', 'e9f920946469dd7208a1b65a44fc0623', '5u50jbzzwyzmby7dvdu9', '', '2019-07-25 14:53:22', '2019-07-25 14:53:22', 1);
INSERT INTO `user` VALUES (18077200432, 'user432', '9f5e02da8aac60aba8a46abb63d7de48', 'p5z7hnk8625e54umvhr6', '', '2019-07-25 14:53:22', '2019-07-25 14:53:22', 1);
INSERT INTO `user` VALUES (18077200433, 'user433', 'e12280d4043cbdeeaef537e28934d6ef', 'jmh2vhmhqchfys6msu5x', '', '2019-07-25 14:53:22', '2019-07-25 14:53:22', 1);
INSERT INTO `user` VALUES (18077200434, 'user434', '78041348591c9ef0ddfba58925da9231', 'ebf4cxm7p4jmpuf4qz8t', '', '2019-07-25 14:53:22', '2019-07-25 14:53:22', 1);
INSERT INTO `user` VALUES (18077200435, 'user435', '45f20dbd1b6bd827550b35e28cbcf348', '6wvbqkmhij2ifu6djgqm', '', '2019-07-25 14:53:22', '2019-07-25 14:53:22', 1);
INSERT INTO `user` VALUES (18077200436, 'user436', '4c6be558d7853e57c40521f67095b4ab', 'dan8s2197gb13tbddx5d', '', '2019-07-25 14:53:22', '2019-07-25 14:53:22', 1);
INSERT INTO `user` VALUES (18077200437, 'user437', '2684a2f230ed47e3042f67b0544883ef', 'x0zsgketm52f0qstq8yp', '', '2019-07-25 14:53:22', '2019-07-25 14:53:22', 1);
INSERT INTO `user` VALUES (18077200438, 'user438', 'b0f6afe70f96be2a1fa7353c671bdc96', 'xf6gjai0d6m5wqbfc8dk', '', '2019-07-25 14:53:22', '2019-07-25 14:53:22', 1);
INSERT INTO `user` VALUES (18077200439, 'user439', '29494f2bfbe22054e76194a1571603e6', 'crtm8n1n3hm54zukwexj', '', '2019-07-25 14:53:22', '2019-07-25 14:53:22', 1);
INSERT INTO `user` VALUES (18077200440, 'user440', 'da0e94cccbe7e61982326a502245a196', 'r674hhgezayege9qdrz1', '', '2019-07-25 14:53:22', '2019-07-25 14:53:22', 1);
INSERT INTO `user` VALUES (18077200441, 'user441', '90c6cf26a8f2997faf634bf8714c2d2f', 'nrbrsn89iqq1138xswak', '', '2019-07-25 14:53:22', '2019-07-25 14:53:22', 1);
INSERT INTO `user` VALUES (18077200442, 'user442', '936c7b8ab03efb60b58d5eadd2c3d26e', 'fa6qv9kyauzqcdwpfaqu', '', '2019-07-25 14:53:22', '2019-07-25 14:53:22', 1);
INSERT INTO `user` VALUES (18077200443, 'user443', '85fae8cb086d7525d53d2742ca57a9db', 'ma3ug9thivrm3mgy1dev', '', '2019-07-25 14:53:22', '2019-07-25 14:53:22', 1);
INSERT INTO `user` VALUES (18077200444, 'user444', '1c5c0e0a2e815f7858b2ba6df7045483', '57ib9peexfb7h4a0imey', '', '2019-07-25 14:53:22', '2019-07-25 14:53:22', 1);
INSERT INTO `user` VALUES (18077200445, 'user445', '6daf8f189ca31e7fcbddefcf8a377e72', 'jbyc8wvrvi516rcfr5iq', '', '2019-07-25 14:53:22', '2019-07-25 14:53:22', 1);
INSERT INTO `user` VALUES (18077200446, 'user446', 'af2c308cf8db20fa123a4ccbb0c8d035', 'di4zp5smc6w57s0wgj09', '', '2019-07-25 14:53:22', '2019-07-25 14:53:22', 1);
INSERT INTO `user` VALUES (18077200447, 'user447', '5e6e8272fd3b4154dc67feca87159d36', 'sdmvmw75d4kisrmcxgk7', '', '2019-07-25 14:53:22', '2019-07-25 14:53:22', 1);
INSERT INTO `user` VALUES (18077200448, 'user448', 'f4100e2c6eb9a958f470e0c076567f3a', 'tii9swxr0sfzqmi6t88p', '', '2019-07-25 14:53:22', '2019-07-25 14:53:22', 1);
INSERT INTO `user` VALUES (18077200449, 'user449', '85f202a824fc4d664ea3410a74f613f3', 'fq8gcv2pk6tricittuh7', '', '2019-07-25 14:53:22', '2019-07-25 14:53:22', 1);
INSERT INTO `user` VALUES (18077200450, 'user450', '826158cdb0c7256e1f13eacbf0066842', 'fcxqvv9d6qjt6600kk1p', '', '2019-07-25 14:53:22', '2019-07-25 14:53:22', 1);
INSERT INTO `user` VALUES (18077200451, 'user451', '2f115c2829a3e1a160b4e363746d320e', 'abw6g5pn3b33a54qa6jg', '', '2019-07-25 14:53:22', '2019-07-25 14:53:22', 1);
INSERT INTO `user` VALUES (18077200452, 'user452', 'a68445df015beb448487bcf60dd023cb', 'x86pwwtk8v6suu77f3ah', '', '2019-07-25 14:53:22', '2019-07-25 14:53:22', 1);
INSERT INTO `user` VALUES (18077200453, 'user453', '20d513ad541d84646453558ea4af7f56', 'yb0pujy8zihuzxrpuff4', '', '2019-07-25 14:53:22', '2019-07-25 14:53:22', 1);
INSERT INTO `user` VALUES (18077200454, 'user454', '30ea8c5fe76050595235c25b20c27bbf', 'ikmm7t2m3mcjbpww6kj2', '', '2019-07-25 14:53:22', '2019-07-25 14:53:22', 1);
INSERT INTO `user` VALUES (18077200455, 'user455', 'd0342c97a33178d23b2b071094f4cb13', '4u8isa5zqc2r4p223uqs', '', '2019-07-25 14:53:22', '2019-07-25 14:53:22', 1);
INSERT INTO `user` VALUES (18077200456, 'user456', '16f004b20ccd0453639855c99088fabb', 'ymx0cbgk7kapfv8wmavq', '', '2019-07-25 14:53:22', '2019-07-25 14:53:22', 1);
INSERT INTO `user` VALUES (18077200457, 'user457', 'e6a89fa3a355c632e6f7fc5511a5aa40', 'x9abj5g2b1yw1fvpre0i', '', '2019-07-25 14:53:22', '2019-07-25 14:53:22', 1);
INSERT INTO `user` VALUES (18077200458, 'user458', '94d5e330b783c0b79faa5bc4cdeff3a4', 'rsuh9p25aqu6t93engx4', '', '2019-07-25 14:53:22', '2019-07-25 14:53:22', 1);
INSERT INTO `user` VALUES (18077200459, 'user459', '98ee89935641fdb3a0daed6a8eb573bb', '3gh60nrq32h1mrv469ye', '', '2019-07-25 14:53:22', '2019-07-25 14:53:22', 1);
INSERT INTO `user` VALUES (18077200460, 'user460', 'ba2b0c51f9953733d870561b07ad096b', 'qqh07rj7mmuwj95tmiyv', '', '2019-07-25 14:53:22', '2019-07-25 14:53:22', 1);
INSERT INTO `user` VALUES (18077200461, 'user461', '474ef1a921f143d3d9cb55f093fdafca', 'pus68bm5g8y44t7ib7zu', '', '2019-07-25 14:53:22', '2019-07-25 14:53:22', 1);
INSERT INTO `user` VALUES (18077200462, 'user462', 'ba3eee864ca00292641e6e65c79227dd', 'vk32szke4c93d5sg3m16', '', '2019-07-25 14:53:22', '2019-07-25 14:53:22', 1);
INSERT INTO `user` VALUES (18077200463, 'user463', 'd24e1eed61974683c487918b1ef39724', 'q6y842dwsc99nwx6we7m', '', '2019-07-25 14:53:22', '2019-07-25 14:53:22', 1);
INSERT INTO `user` VALUES (18077200464, 'user464', 'e5a9dfc7c9bdf92339c9c33e3de7a161', '9havv90bzduz9th7h8y4', '', '2019-07-25 14:53:22', '2019-07-25 14:53:22', 1);
INSERT INTO `user` VALUES (18077200465, 'user465', '59686b068ce1bc81f427620673d6b777', 'tr9mavg0aqaxnzquyya2', '', '2019-07-25 14:53:22', '2019-07-25 14:53:22', 1);
INSERT INTO `user` VALUES (18077200466, 'user466', 'fe29428932db956362470c5f4924f22e', '4f71epduvqt7151khcad', '', '2019-07-25 14:53:22', '2019-07-25 14:53:22', 1);
INSERT INTO `user` VALUES (18077200467, 'user467', '60bcfc53bd0db4c002fe52c670a493e7', 'j7ds5535dbjwkr02rznp', '', '2019-07-25 14:53:22', '2019-07-25 14:53:22', 1);
INSERT INTO `user` VALUES (18077200468, 'user468', '76ee20d9f159616d6af5a6198a485f27', 'm8b82mdjyu8bzez3ktji', '', '2019-07-25 14:53:22', '2019-07-25 14:53:22', 1);
INSERT INTO `user` VALUES (18077200469, 'user469', 'c20804ac8348b83b77e842e2be1cabf6', 'rs8t48b7bkzacx3fqst9', '', '2019-07-25 14:53:22', '2019-07-25 14:53:22', 1);
INSERT INTO `user` VALUES (18077200470, 'user470', '690994971a86fa77a29d44666ad64d98', '4bhs3a8mndeincssy8y2', '', '2019-07-25 14:53:22', '2019-07-25 14:53:22', 1);
INSERT INTO `user` VALUES (18077200471, 'user471', '394eba3c7a4b6a86ccb83a25e9cd4be3', 'um39ayae0ydgc65nfnc6', '', '2019-07-25 14:53:22', '2019-07-25 14:53:22', 1);
INSERT INTO `user` VALUES (18077200472, 'user472', 'fb73ea79da782007a02ef70e86227447', '6k2n60ax83g89siw7w9j', '', '2019-07-25 14:53:22', '2019-07-25 14:53:22', 1);
INSERT INTO `user` VALUES (18077200473, 'user473', '28554f5ebfc4c4760d5feb574cc59d0f', '2608ddhq5wua6z28hkxn', '', '2019-07-25 14:53:22', '2019-07-25 14:53:22', 1);
INSERT INTO `user` VALUES (18077200474, 'user474', '65cfbe63a0b9e8f995458015d69232c6', '0vt20dut8r044n9ynv9a', '', '2019-07-25 14:53:22', '2019-07-25 14:53:22', 1);
INSERT INTO `user` VALUES (18077200475, 'user475', 'd4e30b42954c197861cfc69904b55fc9', 'kz724zp7zhg5fiairdi2', '', '2019-07-25 14:53:22', '2019-07-25 14:53:22', 1);
INSERT INTO `user` VALUES (18077200476, 'user476', 'ac119c4b8589e85dd4edc70605f3d014', 'c5isigg5dgaksrnc5cnc', '', '2019-07-25 14:53:22', '2019-07-25 14:53:22', 1);
INSERT INTO `user` VALUES (18077200477, 'user477', '7acc740e4157f0e75289020c260273af', '6chv294ihtw5wepfkjm4', '', '2019-07-25 14:53:22', '2019-07-25 14:53:22', 1);
INSERT INTO `user` VALUES (18077200478, 'user478', 'eceff899c952334417774d1026592c63', 'jidtm8q1ugundferkwj8', '', '2019-07-25 14:53:22', '2019-07-25 14:53:22', 1);
INSERT INTO `user` VALUES (18077200479, 'user479', 'ea07f16e710033419e89e12f85e2f186', '08jw7qxdam92aeeseixq', '', '2019-07-25 14:53:22', '2019-07-25 14:53:22', 1);
INSERT INTO `user` VALUES (18077200480, 'user480', 'e57637beb85fdda92b58a2f339ed18fd', '69kxdiz58v2wxqmtrgb6', '', '2019-07-25 14:53:22', '2019-07-25 14:53:22', 1);
INSERT INTO `user` VALUES (18077200481, 'user481', 'd27517151d578405c490fcbba42d7250', 'aw8demmv3r8hez7q76zb', '', '2019-07-25 14:53:22', '2019-07-25 14:53:22', 1);
INSERT INTO `user` VALUES (18077200482, 'user482', 'fc0bb4f7f7ef367d0b13bc5bc6a6ec27', 'easr3ywbeqgkucs0cze4', '', '2019-07-25 14:53:22', '2019-07-25 14:53:22', 1);
INSERT INTO `user` VALUES (18077200483, 'user483', 'd90559140e19a8c3eb8b68192c1f440d', 't76bxscgdq0a289bqgaw', '', '2019-07-25 14:53:22', '2019-07-25 14:53:22', 1);
INSERT INTO `user` VALUES (18077200484, 'user484', '4df29a1d75100755aff7dceb2d18c455', '2f568add8vx0xukygxdz', '', '2019-07-25 14:53:22', '2019-07-25 14:53:22', 1);
INSERT INTO `user` VALUES (18077200485, 'user485', '1ca450af3878b6e6108a53c0f2a60d55', 'i4uji8ktaeym608b7q84', '', '2019-07-25 14:53:22', '2019-07-25 14:53:22', 1);
INSERT INTO `user` VALUES (18077200486, 'user486', '75882299edc75285f379f3abcb322ca5', '39fv24p2ct4ywgd0a9cr', '', '2019-07-25 14:53:22', '2019-07-25 14:53:22', 1);
INSERT INTO `user` VALUES (18077200487, 'user487', '94062dc19a494aef84f39cce3bf5ca98', 'z9rs28ehwdmmmchjguuh', '', '2019-07-25 14:53:22', '2019-07-25 14:53:22', 1);
INSERT INTO `user` VALUES (18077200488, 'user488', '823ffe8df4a22f0d17d04a74614993a4', 'epex8cyvinf33yz71ycy', '', '2019-07-25 14:53:22', '2019-07-25 14:53:22', 1);
INSERT INTO `user` VALUES (18077200489, 'user489', '1bf058ee9b92f6b8f400de87ca9fe02a', 'x54n3ztjrg90k82e7swj', '', '2019-07-25 14:53:22', '2019-07-25 14:53:22', 1);
INSERT INTO `user` VALUES (18077200490, 'user490', 'aee75d6f5ad7fa6ffa9f7ecddfd6d4e4', '6igatapxx5q2hx774zmu', '', '2019-07-25 14:53:22', '2019-07-25 14:53:22', 1);
INSERT INTO `user` VALUES (18077200491, 'user491', '54d0512d05dd94741fd796c3517ef7b9', 'ijhwdq0ek14c1b3zdige', '', '2019-07-25 14:53:22', '2019-07-25 14:53:22', 1);
INSERT INTO `user` VALUES (18077200492, 'user492', 'd331f74a8e75e27b52fdd9c61fa8e936', '231z9vxiasenwhgxz6ax', '', '2019-07-25 14:53:22', '2019-07-25 14:53:22', 1);
INSERT INTO `user` VALUES (18077200493, 'user493', 'a464b0e06fc2489e412b07031ad1ede7', '76e9bmrd89hmxh40rxfp', '', '2019-07-25 14:53:22', '2019-07-25 14:53:22', 1);
INSERT INTO `user` VALUES (18077200494, 'user494', 'a569d2dc25d2cbd4a2f2e90445816b0e', 'tksjehf48yfuibdjh8vh', '', '2019-07-25 14:53:22', '2019-07-25 14:53:22', 1);
INSERT INTO `user` VALUES (18077200495, 'user495', 'b9e29210efc863ce2565d53b3619d842', 'barhvyk3x8rtzdea2uh2', '', '2019-07-25 14:53:22', '2019-07-25 14:53:22', 1);
INSERT INTO `user` VALUES (18077200496, 'user496', 'a79d78c93d51503d79f09bacc2cf2f31', '5c47by9q2bw08diu0tr5', '', '2019-07-25 14:53:22', '2019-07-25 14:53:22', 1);
INSERT INTO `user` VALUES (18077200497, 'user497', '740f73030ca97a306bca3c604a82aca5', 'z0p1pejau666j1dhp6x5', '', '2019-07-25 14:53:22', '2019-07-25 14:53:22', 1);
INSERT INTO `user` VALUES (18077200498, 'user498', '9cc11530423ea5314d2532e291b799cb', 'pgryvic5k8fkcuijh1m7', '', '2019-07-25 14:53:22', '2019-07-25 14:53:22', 1);
INSERT INTO `user` VALUES (18077200499, 'user499', 'd3ac1f71526aa8ab3ae7c1c1308aaa5c', '7jan1gifvrte2yqzvyuy', '', '2019-07-25 14:53:22', '2019-07-25 14:53:22', 1);
COMMIT;

SET FOREIGN_KEY_CHECKS = 1;
